<step title="Incoming Request" date="2025-11-20T14:36:49.481" instance="f9df0d" url="/api/deployments/latest?deployer=GITHUB_ZIP_DEPLOY&amp;time=2025-11-20_14-35-27Z" method="GET" type="request" pid="768,1,21" Host="diabetes-predictor-ai.scm.azurewebsites.net" User-Agent="GITHUBACTIONS_DeployWebAppToAzure_5505dfba186e02ad317b13a393566e5946ff29c53190c5b1b5b3d4d1537ce5ab" Authorization="Bea..." Content-Type="application/json; charset=utf-8" Cookie="ARRAffinity=f9df0d7fb514de16eb0635756b937f662826e4dd1f31967a1dd4266cb436e6f5;Path=/;HttpOnly;Secure;Domain=diabetes-predictor-ai.scm.azurewebsites.net; ARRAffinitySameSite=f9df0d7fb514de16eb0635756b937f662826e4dd1f31967a1dd4266cb436e6f5;Path=/;HttpOnly;SameSite=None;Secure;Domain=diabetes-predictor-ai.scm.azurewebsites.net" Content-Length="0" X-ARR-LOG-ID="685df069-7695-4f1f-870a-5b0e512d6bd1" CLIENT-IP="135.232.200.65:8194" X-SITE-DEPLOYMENT-ID="diabetes-predictor-ai" WAS-DEFAULT-HOSTNAME="diabetes-predictor-ai.scm.azurewebsites.net" X-Forwarded-Proto="https" X-AppService-Proto="https" X-Forwarded-TlsVersion="1.3" X-WAWS-Unencoded-URL="/api/deployments/latest?deployer=GITHUB_ZIP_DEPLOY&amp;time=2025-11-20_14-35-27Z" X-Client-IP="135.232.200.65" X-Client-Port="8194" >
  <step title="Cleanup Xml Logs" date="2025-11-20T14:36:49.496" >
    <step title="Cleanup Infos" date="2025-11-20T14:36:49.575" totalFiles="303" totalCleanup="143" /><!-- duration: 24ms -->
  </step><!-- duration: 116ms -->
  <step title="DeploymentService.GetResult" date="2025-11-20T14:36:49.661" >
    <step title="DeploymentService.GetLatestDeployment" date="2025-11-20T14:36:49.672" >
      <step title="DeploymentManager.GetResults" date="2025-11-20T14:36:49.691" /><!-- duration: 761ms -->
    </step><!-- duration: 794ms -->
  </step><!-- duration: 816ms -->
  <step title="Outgoing response" date="2025-11-20T14:36:50.503" type="response" statusCode="202" statusText="Accepted" /><!-- duration: 12ms -->
</step><!-- duration: 1044ms -->
