<step title="BackgroundTrace" date="2025-11-20T16:35:38.367" instance="f9df0d" url="/api/zipdeploy" method="POST" >
  <step title="Cleanup Xml Logs" date="2025-11-20T16:35:38.376" >
    <step title="Cleanup Infos" date="2025-11-20T16:35:38.408" totalFiles="427" totalCleanup="267" /><!-- duration: 48ms -->
  </step><!-- duration: 88ms -->
  <step title="Creating temporary deployment - FetchDeploymentManager" date="2025-11-20T16:35:38.624" /><!-- duration: 29ms -->
  <step title="Creating temporary deployment" date="2025-11-20T16:35:38.679" /><!-- duration: 155ms -->
  <step title="Performing fetch based deployment" date="2025-11-20T16:35:38.932" >
    <step title="Cleaning up temp folders from previous zip deployments and extracting pushed zip file /tmp/zipdeploy/2f3d2887-bbe5-4571-90aa-c6fc7ca63f27.zip (1.64 MB) to /tmp/zipdeploy/extracted" date="2025-11-20T16:35:41.228" >
      <step title="ChmodRecursive Process exited with total time taken in ms: 271" date="2025-11-20T16:35:41.954" /><!-- duration: 28ms -->
    </step><!-- duration: 767ms -->
    <step title="Deployment timer started" date="2025-11-20T16:35:44.048" >
      <step title="DeploymentManager.Deploy(id:1f115538-bc4f-49eb-8cfd-7d8d14901131)" date="2025-11-20T16:35:44.086" >
        <step title="Collecting changeset information" date="2025-11-20T16:35:44.123" /><!-- duration: 167ms -->
        <step title="Updating submodules" date="2025-11-20T16:35:44.318" /><!-- duration: 1237ms -->
        <step title="Determining deployment builder" date="2025-11-20T16:35:46.042" >
          <step title="Builder is OryxBuilder" date="2025-11-20T16:35:46.138" /><!-- duration: 31ms -->
        </step><!-- duration: 146ms -->
        <step title="PreDeployment: context.CleanOutputPath False" date="2025-11-20T16:35:46.276" >
          <step title="PreDeployment: context.OutputPath /home/site/wwwroot" date="2025-11-20T16:35:46.480" >
            <step title="Building" date="2025-11-20T16:35:46.657" >
              <step title="Executing external process" date="2025-11-20T16:35:47.224" type="process" path="bash" arguments="-c &quot;oryx build /tmp/zipdeploy/extracted -o /home/site/wwwroot --platform python --platform-version 3.12 -p virtualenv_name=antenv --log-file /tmp/build-debug.log  -i /tmp/8de2852db225eb9 --compress-destination-dir | tee /tmp/oryx-build.log ; exit $PIPESTATUS &quot;" >
                <step title="Cpu: python(4318,20.350s)+ts(4319,0.150s)+build.sh(4317,0.000s)+build.sh(4316,0.000s)+build.sh(4229,0.100s)+oryx(4209,5.930s)+tee(4210,0.000s)+bash(4208,0.000s)=total(26.530s)" date="2025-11-20T16:37:31.512" /><!-- duration: 86ms -->
                <step title="bash: no io activity for 61s, prev-cpu=-1.000s, current-cpu=26.530s" date="2025-11-20T16:37:31.758" /><!-- duration: 94ms -->
                <step title="Cpu: python(4318,51.600s)+ts(4319,0.210s)+build.sh(4317,0.000s)+build.sh(4316,0.000s)+build.sh(4229,0.120s)+oryx(4209,6.030s)+tee(4210,0.000s)+bash(4208,0.000s)=total(57.960s)" date="2025-11-20T16:38:32.736" /><!-- duration: 17ms -->
                <step title="bash: no io activity for 123s, prev-cpu=26.530s, current-cpu=57.960s" date="2025-11-20T16:38:32.786" /><!-- duration: 24ms -->
                <step title="Cpu: python(4318,93.960s)+ts(4319,0.250s)+build.sh(4317,0.000s)+build.sh(4316,0.000s)+build.sh(4229,0.120s)+oryx(4209,6.110s)+tee(4210,0.000s)+bash(4208,0.000s)=total(100.440s)" date="2025-11-20T16:39:33.263" /><!-- duration: 27ms -->
                <step title="bash: no io activity for 184s, prev-cpu=57.960s, current-cpu=100.440s" date="2025-11-20T16:39:33.311" /><!-- duration: 29ms -->
                <step title="Cpu: python(4318,133.790s)+ts(4319,0.250s)+build.sh(4317,0.000s)+build.sh(4316,0.000s)+build.sh(4229,0.120s)+oryx(4209,6.190s)+tee(4210,0.000s)+bash(4208,0.000s)=total(140.340s)" date="2025-11-20T16:40:33.935" /><!-- duration: 116ms -->
                <step title="bash: no io activity for 244s, prev-cpu=100.440s, current-cpu=140.340s" date="2025-11-20T16:40:34.098" /><!-- duration: 65ms -->
                <step title="Cpu: python(4318,179.220s)+ts(4319,0.250s)+build.sh(4317,0.000s)+build.sh(4316,0.000s)+build.sh(4229,0.120s)+oryx(4209,6.270s)+tee(4210,0.000s)+bash(4208,0.000s)=total(185.860s)" date="2025-11-20T16:41:34.430" /><!-- duration: 22ms -->
                <step title="bash: no io activity for 305s, prev-cpu=140.340s, current-cpu=185.860s" date="2025-11-20T16:41:34.479" /><!-- duration: 18ms -->
                <step title="Cpu: python(4318,210.840s)+ts(4319,0.250s)+build.sh(4317,0.000s)+build.sh(4316,0.000s)+build.sh(4229,0.120s)+oryx(4209,6.290s)+tee(4210,0.000s)+bash(4208,0.000s)=total(217.500s)" date="2025-11-20T16:42:35.521" /><!-- duration: 68ms -->
                <step title="bash: no io activity for 366s, prev-cpu=185.860s, current-cpu=217.500s" date="2025-11-20T16:42:35.609" /><!-- duration: 89ms -->
                <step title="Cpu: rsync(4463,13.240s)+rsync(4462,1.630s)+rsync(4461,10.240s)+build.sh(4229,0.130s)+oryx(4209,6.740s)+tee(4210,0.000s)+bash(4208,0.000s)=total(31.980s)" date="2025-11-20T16:44:35.497" /><!-- duration: 12ms -->
                <step title="bash: no io activity for 61s, prev-cpu=-1.000s, current-cpu=31.980s" date="2025-11-20T16:44:35.558" /><!-- duration: 41ms -->
                <step title="Cpu: gzip(4495,38.000s)+sh(4494,0.000s)+tar(4493,2.400s)+build.sh(4229,0.130s)+oryx(4209,6.890s)+tee(4210,0.010s)+bash(4208,0.000s)=total(47.430s)" date="2025-11-20T16:46:08.251" /><!-- duration: 27ms -->
                <step title="bash: no io activity for 61s, prev-cpu=-1.000s, current-cpu=47.430s" date="2025-11-20T16:46:08.298" /><!-- duration: 10ms -->
                <step title="Cpu: gzip(4495,82.500s)+sh(4494,0.000s)+tar(4493,3.530s)+build.sh(4229,0.130s)+oryx(4209,6.930s)+tee(4210,0.010s)+bash(4208,0.000s)=total(93.100s)" date="2025-11-20T16:47:08.538" /><!-- duration: 20ms -->
                <step title="bash: no io activity for 121s, prev-cpu=47.430s, current-cpu=93.100s" date="2025-11-20T16:47:08.628" /><!-- duration: 28ms -->
                <step title="Cpu: gzip(4495,109.620s)+sh(4494,0.000s)+tar(4493,4.430s)+build.sh(4229,0.130s)+oryx(4209,6.930s)+tee(4210,0.010s)+bash(4208,0.000s)=total(121.120s)" date="2025-11-20T16:48:09.432" /><!-- duration: 21ms -->
                <step title="bash: no io activity for 182s, prev-cpu=93.100s, current-cpu=121.120s" date="2025-11-20T16:48:09.470" /><!-- duration: 9ms -->
                <step title="Cpu: gzip(4495,147.820s)+sh(4494,0.000s)+tar(4493,8.930s)+build.sh(4229,0.130s)+oryx(4209,6.940s)+tee(4210,0.010s)+bash(4208,0.000s)=total(163.800s)" date="2025-11-20T16:49:09.736" /><!-- duration: 36ms -->
                <step title="bash: no io activity for 242s, prev-cpu=121.120s, current-cpu=163.800s" date="2025-11-20T16:49:09.842" /><!-- duration: 48ms -->
                <step title="Cpu: gzip(4495,185.900s)+sh(4494,0.000s)+tar(4493,12.300s)+build.sh(4229,0.130s)+oryx(4209,6.950s)+tee(4210,0.010s)+bash(4208,0.000s)=total(205.290s)" date="2025-11-20T16:50:10.157" /><!-- duration: 19ms -->
                <step title="bash: no io activity for 303s, prev-cpu=163.800s, current-cpu=205.290s" date="2025-11-20T16:50:10.188" /><!-- duration: 17ms -->
              </step><!-- duration: 920713ms -->
              <step title="Using PythonDeploymentLogParser" date="2025-11-20T16:51:08.519" /><!-- duration: 5ms -->
              <step title="Triggering recycle (preview mode disabled)." date="2025-11-20T16:51:10.084" /><!-- duration: 13ms -->
              <step title="Modified file to trigger a restart of the app container." date="2025-11-20T16:51:10.134" /><!-- duration: 4ms -->
              <step title="Skip function trigger and logicapp sync because function is not enabled." date="2025-11-20T16:51:10.145" /><!-- duration: 4ms -->
            </step><!-- duration: 924458ms -->
          </step><!-- duration: 924647ms -->
          <step title="Cleaning up temp files" date="2025-11-20T16:51:11.132" /><!-- duration: 12011ms -->
          <step title="Cleaning up temp files" date="2025-11-20T16:51:23.151" /><!-- duration: 510ms -->
          <step title="Reloading status file with latest updates" date="2025-11-20T16:51:23.783" >
            <step title="WebHooksManager.PublishEventAsync: PostDeployment" date="2025-11-20T16:51:23.815" /><!-- duration: 164ms -->
          </step><!-- duration: 214ms -->
          <step title="Cleaning up temporary deployment - fetch deployment was successful" date="2025-11-20T16:51:24.020" /><!-- duration: 4ms -->
        </step><!-- duration: 937830ms -->
      </step><!-- duration: 940043ms -->
