<step title="Incoming Request" date="2025-11-20T16:36:58.479" instance="f9df0d" url="/api/deployments/latest?deployer=GITHUB_ZIP_DEPLOY&amp;time=2025-11-20_16-35-38Z" method="GET" type="request" pid="768,1,22" Host="diabetes-predictor-ai.scm.azurewebsites.net" User-Agent="GITHUBACTIONS_DeployWebAppToAzure_5505dfba186e02ad317b13a393566e5946ff29c53190c5b1b5b3d4d1537ce5ab" Authorization="Bea..." Content-Type="application/json; charset=utf-8" Cookie="ARRAffinity=f9df0d7fb514de16eb0635756b937f662826e4dd1f31967a1dd4266cb436e6f5;Path=/;HttpOnly;Secure;Domain=diabetes-predictor-ai.scm.azurewebsites.net; ARRAffinitySameSite=f9df0d7fb514de16eb0635756b937f662826e4dd1f31967a1dd4266cb436e6f5;Path=/;HttpOnly;SameSite=None;Secure;Domain=diabetes-predictor-ai.scm.azurewebsites.net" Content-Length="0" X-ARR-LOG-ID="668b3d98-3630-4e72-8af6-297db19db308" CLIENT-IP="64.236.201.34:64512" X-SITE-DEPLOYMENT-ID="diabetes-predictor-ai" WAS-DEFAULT-HOSTNAME="diabetes-predictor-ai.scm.azurewebsites.net" X-Forwarded-Proto="https" X-AppService-Proto="https" X-Forwarded-TlsVersion="1.3" X-WAWS-Unencoded-URL="/api/deployments/latest?deployer=GITHUB_ZIP_DEPLOY&amp;time=2025-11-20_16-35-38Z" X-Client-IP="64.236.201.34" X-Client-Port="64512" >
  <step title="Cleanup Xml Logs" date="2025-11-20T16:36:58.499" >
    <step title="Cleanup Infos" date="2025-11-20T16:36:58.599" totalFiles="438" totalCleanup="278" /><!-- duration: 40ms -->
  </step><!-- duration: 177ms -->
  <step title="DeploymentService.GetResult" date="2025-11-20T16:36:58.715" >
    <step title="DeploymentService.GetLatestDeployment" date="2025-11-20T16:36:58.734" >
      <step title="DeploymentManager.GetResults" date="2025-11-20T16:36:58.774" /><!-- duration: 1254ms -->
    </step><!-- duration: 1308ms -->
  </step><!-- duration: 1374ms -->
  <step title="Outgoing response" date="2025-11-20T16:37:00.125" type="response" statusCode="202" statusText="Accepted" /><!-- duration: 13ms -->
</step><!-- duration: 1727ms -->
