<step title="Incoming Request" date="2025-11-20T13:55:16.912" instance="f9df0d" url="/api/deployments/latest?deployer=GITHUB_ZIP_DEPLOY&amp;time=2025-11-20_13-45-52Z" method="GET" type="request" pid="768,1,33" Host="diabetes-predictor-ai.scm.azurewebsites.net" User-Agent="GITHUBACTIONS_DeployWebAppToAzure_5505dfba186e02ad317b13a393566e5946ff29c53190c5b1b5b3d4d1537ce5ab" Authorization="Bea..." Content-Type="application/json; charset=utf-8" Cookie="ARRAffinity=f9df0d7fb514de16eb0635756b937f662826e4dd1f31967a1dd4266cb436e6f5;Path=/;HttpOnly;Secure;Domain=diabetes-predictor-ai.scm.azurewebsites.net; ARRAffinitySameSite=f9df0d7fb514de16eb0635756b937f662826e4dd1f31967a1dd4266cb436e6f5;Path=/;HttpOnly;SameSite=None;Secure;Domain=diabetes-predictor-ai.scm.azurewebsites.net" Content-Length="0" X-ARR-LOG-ID="e327c7d5-84db-41b1-bd8e-180c5b4eb11c" CLIENT-IP="64.236.134.33:20417" X-SITE-DEPLOYMENT-ID="diabetes-predictor-ai" WAS-DEFAULT-HOSTNAME="diabetes-predictor-ai.scm.azurewebsites.net" X-Forwarded-Proto="https" X-AppService-Proto="https" X-Forwarded-TlsVersion="1.3" X-WAWS-Unencoded-URL="/api/deployments/latest?deployer=GITHUB_ZIP_DEPLOY&amp;time=2025-11-20_13-45-52Z" X-Client-IP="64.236.134.33" X-Client-Port="20417" >
  <step title="Cleanup Xml Logs" date="2025-11-20T13:55:16.922" >
    <step title="Cleanup Infos" date="2025-11-20T13:55:16.999" totalFiles="238" totalCleanup="78" /><!-- duration: 13ms -->
  </step><!-- duration: 100ms -->
  <step title="DeploymentService.GetResult" date="2025-11-20T13:55:17.059" >
    <step title="DeploymentService.GetLatestDeployment" date="2025-11-20T13:55:17.069" >
      <step title="DeploymentManager.GetResults" date="2025-11-20T13:55:17.079" /><!-- duration: 589ms -->
    </step><!-- duration: 615ms -->
  </step><!-- duration: 638ms -->
  <step title="Outgoing response" date="2025-11-20T13:55:17.714" type="response" statusCode="202" statusText="Accepted" /><!-- duration: 11ms -->
</step><!-- duration: 851ms -->
