<step title="Incoming Request" date="2025-11-20T16:42:55.000" instance="f9df0d" url="/api/deployments/latest?deployer=GITHUB_ZIP_DEPLOY&amp;time=2025-11-20_16-35-38Z" method="GET" type="request" pid="768,1,22" Host="diabetes-predictor-ai.scm.azurewebsites.net" User-Agent="GITHUBACTIONS_DeployWebAppToAzure_5505dfba186e02ad317b13a393566e5946ff29c53190c5b1b5b3d4d1537ce5ab" Authorization="Bea..." Content-Type="application/json; charset=utf-8" Cookie="ARRAffinity=f9df0d7fb514de16eb0635756b937f662826e4dd1f31967a1dd4266cb436e6f5;Path=/;HttpOnly;Secure;Domain=diabetes-predictor-ai.scm.azurewebsites.net; ARRAffinitySameSite=f9df0d7fb514de16eb0635756b937f662826e4dd1f31967a1dd4266cb436e6f5;Path=/;HttpOnly;SameSite=None;Secure;Domain=diabetes-predictor-ai.scm.azurewebsites.net" Content-Length="0" X-ARR-LOG-ID="1c37f2e0-40b0-46aa-9f03-3d355b559fda" CLIENT-IP="64.236.201.34:64512" X-SITE-DEPLOYMENT-ID="diabetes-predictor-ai" WAS-DEFAULT-HOSTNAME="diabetes-predictor-ai.scm.azurewebsites.net" X-Forwarded-Proto="https" X-AppService-Proto="https" X-Forwarded-TlsVersion="1.3" X-WAWS-Unencoded-URL="/api/deployments/latest?deployer=GITHUB_ZIP_DEPLOY&amp;time=2025-11-20_16-35-38Z" X-Client-IP="64.236.201.34" X-Client-Port="64512" >
  <step title="Cleanup Xml Logs" date="2025-11-20T16:42:55.011" >
    <step title="Cleanup Infos" date="2025-11-20T16:42:55.108" totalFiles="486" totalCleanup="326" /><!-- duration: 30ms -->
  </step><!-- duration: 143ms -->
  <step title="DeploymentService.GetResult" date="2025-11-20T16:42:55.183" >
    <step title="DeploymentService.GetLatestDeployment" date="2025-11-20T16:42:55.196" >
      <step title="DeploymentManager.GetResults" date="2025-11-20T16:42:55.234" /><!-- duration: 624ms -->
    </step><!-- duration: 678ms -->
  </step><!-- duration: 703ms -->
  <step title="Outgoing response" date="2025-11-20T16:42:55.898" type="response" statusCode="202" statusText="Accepted" /><!-- duration: 18ms -->
</step><!-- duration: 926ms -->
