<step title="Incoming Request" date="2025-11-20T13:58:03.947" instance="f9df0d" url="/api/deployments/latest?deployer=GITHUB_ZIP_DEPLOY&amp;time=2025-11-20_13-45-52Z" method="GET" type="request" pid="768,1,33" Host="diabetes-predictor-ai.scm.azurewebsites.net" User-Agent="GITHUBACTIONS_DeployWebAppToAzure_5505dfba186e02ad317b13a393566e5946ff29c53190c5b1b5b3d4d1537ce5ab" Authorization="Bea..." Content-Type="application/json; charset=utf-8" Cookie="ARRAffinity=f9df0d7fb514de16eb0635756b937f662826e4dd1f31967a1dd4266cb436e6f5;Path=/;HttpOnly;Secure;Domain=diabetes-predictor-ai.scm.azurewebsites.net; ARRAffinitySameSite=f9df0d7fb514de16eb0635756b937f662826e4dd1f31967a1dd4266cb436e6f5;Path=/;HttpOnly;SameSite=None;Secure;Domain=diabetes-predictor-ai.scm.azurewebsites.net" Content-Length="0" X-ARR-LOG-ID="ad5721e5-8401-4b4b-91f5-72466ac16c9b" CLIENT-IP="64.236.134.33:20416" X-SITE-DEPLOYMENT-ID="diabetes-predictor-ai" WAS-DEFAULT-HOSTNAME="diabetes-predictor-ai.scm.azurewebsites.net" X-Forwarded-Proto="https" X-AppService-Proto="https" X-Forwarded-TlsVersion="1.3" X-WAWS-Unencoded-URL="/api/deployments/latest?deployer=GITHUB_ZIP_DEPLOY&amp;time=2025-11-20_13-45-52Z" X-Client-IP="64.236.134.33" X-Client-Port="20416" >
  <step title="Cleanup Xml Logs" date="2025-11-20T13:58:03.974" >
    <step title="Cleanup Infos" date="2025-11-20T13:58:04.236" totalFiles="261" totalCleanup="101" /><!-- duration: 62ms -->
  </step><!-- duration: 392ms -->
  <step title="DeploymentService.GetResult" date="2025-11-20T13:58:04.469" >
    <step title="DeploymentService.GetLatestDeployment" date="2025-11-20T13:58:04.489" >
      <step title="DeploymentManager.GetResults" date="2025-11-20T13:58:04.500" /><!-- duration: 961ms -->
    </step><!-- duration: 1031ms -->
  </step><!-- duration: 1098ms -->
  <step title="Outgoing response" date="2025-11-20T13:58:05.596" type="response" statusCode="202" statusText="Accepted" /><!-- duration: 39ms -->
</step><!-- duration: 1717ms -->
