﻿<?xml version="1.0" encoding="utf-8"?>
<deployment>
  <id>3520766c-bbd0-49ba-971d-bd89b6468970</id>
  <author>N/A</author>
  <deployer>GITHUB_ZIP_DEPLOY</deployer>
  <authorEmail>N/A</authorEmail>
  <message>{"type":"deployment","sha":"2c3244e86cd62b72762f185c1164e8e76007d764","repoName":"Naveenkumar-2007/Daibetes","actor":"Naveenkumar-2007","slotName":"production","commitMessage":"Fix: Use Azure Login for CI/CD deployment"}</message>
  <progress></progress>
  <status>Success</status>
  <statusText></statusText>
  <lastSuccessEndTime>2025-11-20T13:17:22.7386198Z</lastSuccessEndTime>
  <receivedTime>2025-11-20T13:00:21.7762423Z</receivedTime>
  <startTime>2025-11-20T13:00:23.7012974Z</startTime>
  <endTime>2025-11-20T13:17:22.7386198Z</endTime>
  <complete>True</complete>
  <is_temp>False</is_temp>
  <is_readonly>True</is_readonly>
  <buildSummary />
</deployment>