﻿<?xml version="1.0" encoding="utf-8"?>
<deployment>
  <id>336da3dd-9ba2-4047-a90f-4801ffeae33a</id>
  <author>N/A</author>
  <deployer>Push-Deployer</deployer>
  <authorEmail>N/A</authorEmail>
  <message>Created via a push deployment</message>
  <progress></progress>
  <status>Success</status>
  <statusText></statusText>
  <lastSuccessEndTime>2025-11-28T09:04:59.8092867Z</lastSuccessEndTime>
  <receivedTime>2025-11-28T09:04:44.6221574Z</receivedTime>
  <startTime>2025-11-28T09:04:46.1657242Z</startTime>
  <endTime>2025-11-28T09:04:59.8092867Z</endTime>
  <complete>True</complete>
  <is_temp>False</is_temp>
  <is_readonly>True</is_readonly>
  <buildSummary />
</deployment>