﻿<?xml version="1.0" encoding="utf-8"?>
<deployment>
  <id>9e893d93-9d70-4a8a-b2b0-05d3e487307a</id>
  <author>N/A</author>
  <deployer>Push-Deployer</deployer>
  <authorEmail>N/A</authorEmail>
  <message>Created via a push deployment</message>
  <progress></progress>
  <status>Success</status>
  <statusText></statusText>
  <lastSuccessEndTime>2025-11-28T09:14:53.9540372Z</lastSuccessEndTime>
  <receivedTime>2025-11-28T09:14:45.5856889Z</receivedTime>
  <startTime>2025-11-28T09:14:47.1141221Z</startTime>
  <endTime>2025-11-28T09:14:53.9540372Z</endTime>
  <complete>True</complete>
  <is_temp>False</is_temp>
  <is_readonly>True</is_readonly>
  <buildSummary />
</deployment>