﻿<?xml version="1.0" encoding="utf-8"?>
<deployment>
  <id>002800a7-43df-4f35-8304-0608656ffe1f</id>
  <author>N/A</author>
  <deployer>OneDeploy</deployer>
  <authorEmail>N/A</authorEmail>
  <message>OneDeploy</message>
  <progress>Running oryx build...</progress>
  <status>Building</status>
  <statusText>Building and Deploying '002800a7-43df-4f35-8304-0608656ffe1f'.</statusText>
  <lastSuccessEndTime />
  <receivedTime>2025-11-23T13:41:23.1631498Z</receivedTime>
  <startTime>2025-11-23T13:41:24.6864054Z</startTime>
  <endTime />
  <complete>False</complete>
  <is_temp>False</is_temp>
  <is_readonly>True</is_readonly>
  <buildSummary />
</deployment>