﻿<?xml version="1.0" encoding="utf-8"?>
<deployment>
  <id>beec7aef-15a3-4a75-9b97-faf7e02f67bd</id>
  <author>N/A</author>
  <deployer>Push-Deployer</deployer>
  <authorEmail>N/A</authorEmail>
  <message>Created via a push deployment</message>
  <progress></progress>
  <status>Success</status>
  <statusText></statusText>
  <lastSuccessEndTime>2025-11-22T19:01:17.2668232Z</lastSuccessEndTime>
  <receivedTime>2025-11-22T18:50:55.8543399Z</receivedTime>
  <startTime>2025-11-22T18:50:57.304418Z</startTime>
  <endTime>2025-11-22T19:01:17.2668232Z</endTime>
  <complete>True</complete>
  <is_temp>False</is_temp>
  <is_readonly>True</is_readonly>
  <buildSummary />
</deployment>