﻿<?xml version="1.0" encoding="utf-8"?>
<deployment>
  <id>7ac3a5e1-2e60-48e3-9077-528363ae2820</id>
  <author>N/A</author>
  <deployer>Push-Deployer</deployer>
  <authorEmail>N/A</authorEmail>
  <message>Created via a push deployment</message>
  <progress></progress>
  <status>Failed</status>
  <statusText>Deployment has been stopped due to SCM container restart. The restart can happen due to a management operation on site. Do not perform a management operation and a deployment operation in quick succession. Adding a small delay can help avoid any conflicts.</statusText>
  <lastSuccessEndTime />
  <receivedTime>2025-11-23T13:07:51.2262943Z</receivedTime>
  <startTime>2025-11-23T13:07:52.6678709Z</startTime>
  <endTime>2025-11-23T13:19:30.7023511Z</endTime>
  <complete>True</complete>
  <is_temp>False</is_temp>
  <is_readonly>True</is_readonly>
  <buildSummary />
</deployment>