﻿<?xml version="1.0" encoding="utf-8"?>
<deployment>
  <id>7cfbee96-a4c0-4bcf-bd0f-c22d12f19fe3</id>
  <author>N/A</author>
  <deployer>OneDeploy</deployer>
  <authorEmail>N/A</authorEmail>
  <message>OneDeploy</message>
  <progress></progress>
  <status>Success</status>
  <statusText></statusText>
  <lastSuccessEndTime>2025-11-23T14:07:42.7930513Z</lastSuccessEndTime>
  <receivedTime>2025-11-23T13:50:02.2153304Z</receivedTime>
  <startTime>2025-11-23T13:50:04.7275091Z</startTime>
  <endTime>2025-11-23T14:07:42.7930513Z</endTime>
  <complete>True</complete>
  <is_temp>False</is_temp>
  <is_readonly>True</is_readonly>
  <buildSummary />
</deployment>