﻿<?xml version="1.0" encoding="utf-8"?>
<deployment>
  <id>5922a35f-60fe-40b8-81e5-7ca3051c561d</id>
  <author>N/A</author>
  <deployer>Push-Deployer</deployer>
  <authorEmail>N/A</authorEmail>
  <message>Created via a push deployment</message>
  <progress></progress>
  <status>Success</status>
  <statusText></statusText>
  <lastSuccessEndTime>2025-11-28T09:19:51.5532398Z</lastSuccessEndTime>
  <receivedTime>2025-11-28T09:19:43.8531066Z</receivedTime>
  <startTime>2025-11-28T09:19:45.1950012Z</startTime>
  <endTime>2025-11-28T09:19:51.5532398Z</endTime>
  <complete>True</complete>
  <is_temp>False</is_temp>
  <is_readonly>True</is_readonly>
  <buildSummary />
</deployment>