﻿<?xml version="1.0" encoding="utf-8"?>
<deployment>
  <id>db68e908-bd80-4f4c-9c3c-4b49b7f12bad</id>
  <author>N/A</author>
  <deployer>Push-Deployer</deployer>
  <authorEmail>N/A</authorEmail>
  <message>Created via a push deployment</message>
  <progress></progress>
  <status>Success</status>
  <statusText></statusText>
  <lastSuccessEndTime>2025-11-23T16:41:38.6645668Z</lastSuccessEndTime>
  <receivedTime>2025-11-23T16:27:36.9215917Z</receivedTime>
  <startTime>2025-11-23T16:27:38.3784315Z</startTime>
  <endTime>2025-11-23T16:41:38.6645668Z</endTime>
  <complete>True</complete>
  <is_temp>False</is_temp>
  <is_readonly>True</is_readonly>
  <buildSummary />
</deployment>