﻿<?xml version="1.0" encoding="utf-8"?>
<deployment>
  <id>a4f7ced2-fe3d-4f42-a080-fc433187b4c9</id>
  <author>N/A</author>
  <deployer>Push-Deployer</deployer>
  <authorEmail>N/A</authorEmail>
  <message>Created via a push deployment</message>
  <progress></progress>
  <status>Success</status>
  <statusText></statusText>
  <lastSuccessEndTime>2025-11-27T20:27:29.004693Z</lastSuccessEndTime>
  <receivedTime>2025-11-27T20:27:05.413553Z</receivedTime>
  <startTime>2025-11-27T20:27:07.5681793Z</startTime>
  <endTime>2025-11-27T20:27:29.004693Z</endTime>
  <complete>True</complete>
  <is_temp>False</is_temp>
  <is_readonly>True</is_readonly>
  <buildSummary />
</deployment>