﻿<?xml version="1.0" encoding="utf-8"?>
<deployment>
  <id>0ab69864-e4ff-4e49-bb2d-f7f7bde0b508</id>
  <author>N/A</author>
  <deployer>GITHUB_ZIP_DEPLOY</deployer>
  <authorEmail>N/A</authorEmail>
  <message>{"type":"deployment","sha":"610b57903254dc3d981d5226a0d3bd168914cc88","repoName":"Naveenkumar-2007/Daibetes","actor":"Naveenkumar-2007","slotName":"production","commitMessage":"fix: Downgrade pytz to 2023.3 to resolve mlflow dependency conflict"}</message>
  <progress></progress>
  <status>Success</status>
  <statusText></statusText>
  <lastSuccessEndTime>2025-11-20T14:01:11.0229329Z</lastSuccessEndTime>
  <receivedTime>2025-11-20T13:45:56.8341162Z</receivedTime>
  <startTime>2025-11-20T13:45:58.2963377Z</startTime>
  <endTime>2025-11-20T14:01:11.0229329Z</endTime>
  <complete>True</complete>
  <is_temp>False</is_temp>
  <is_readonly>True</is_readonly>
  <buildSummary />
</deployment>