﻿<?xml version="1.0" encoding="utf-8"?>
<deployment>
  <id>2c820d7a-ac20-4ab1-9c14-6831d8b6cce6</id>
  <author>N/A</author>
  <deployer>Push-Deployer</deployer>
  <authorEmail>N/A</authorEmail>
  <message>Created via a push deployment</message>
  <progress></progress>
  <status>Success</status>
  <statusText></statusText>
  <lastSuccessEndTime>2025-11-27T20:08:14.183184Z</lastSuccessEndTime>
  <receivedTime>2025-11-27T20:08:02.9604994Z</receivedTime>
  <startTime>2025-11-27T20:08:04.7436591Z</startTime>
  <endTime>2025-11-27T20:08:14.183184Z</endTime>
  <complete>True</complete>
  <is_temp>False</is_temp>
  <is_readonly>True</is_readonly>
  <buildSummary />
</deployment>