<step title="BackgroundTrace" date="2025-11-20T04:03:40.070" instance="3afc23" url="/api/zipdeploy" method="POST" >
  <step title="Creating temporary deployment - FetchDeploymentManager" date="2025-11-20T04:03:40.152" /><!-- duration: 4ms -->
  <step title="Creating temporary deployment" date="2025-11-20T04:03:40.163" /><!-- duration: 100ms -->
  <step title="Performing fetch based deployment" date="2025-11-20T04:03:40.332" >
    <step title="Cleaning up temp folders from previous zip deployments and extracting pushed zip file /tmp/zipdeploy/4ce631f3-738c-47d7-a667-c91930f4b521.zip (1.86 MB) to /tmp/zipdeploy/extracted" date="2025-11-20T04:03:41.558" >
      <step title="ChmodRecursive Process exited with total time taken in ms: 67" date="2025-11-20T04:03:41.938" /><!-- duration: 10ms -->
    </step><!-- duration: 396ms -->
    <step title="Deployment timer started" date="2025-11-20T04:03:43.970" >
      <step title="DeploymentManager.Deploy(id:cb2cfe5c-1c6e-486f-a36a-d760c8d252c7)" date="2025-11-20T04:03:43.979" >
        <step title="Collecting changeset information" date="2025-11-20T04:03:44.006" /><!-- duration: 111ms -->
        <step title="Updating submodules" date="2025-11-20T04:03:44.128" /><!-- duration: 1149ms -->
        <step title="Determining deployment builder" date="2025-11-20T04:03:45.526" >
          <step title="Builder is BasicBuilder" date="2025-11-20T04:03:45.545" /><!-- duration: 5ms -->
        </step><!-- duration: 32ms -->
        <step title="PreDeployment: context.CleanOutputPath False" date="2025-11-20T04:03:45.617" >
          <step title="PreDeployment: context.OutputPath /home/site/wwwroot" date="2025-11-20T04:03:45.768" >
            <step title="Building" date="2025-11-20T04:03:45.944" >
              <step title="Executing external process" date="2025-11-20T04:03:46.293" type="process" path="starter.sh" arguments="/opt/Kudu/Scripts/parallel_rsync.sh /tmp/zipdeploy/extracted /home/site/wwwroot 8 /tmp/ False True  " /><!-- duration: 7527ms -->
              <step title="Triggering recycle (preview mode disabled)." date="2025-11-20T04:03:54.130" /><!-- duration: 5ms -->
              <step title="Modified file to trigger a restart of the app container." date="2025-11-20T04:03:54.175" /><!-- duration: 7ms -->
              <step title="Skip function trigger and logicapp sync because function is not enabled." date="2025-11-20T04:03:54.191" /><!-- duration: 8ms -->
            </step><!-- duration: 9049ms -->
          </step><!-- duration: 9237ms -->
          <step title="Cleaning up temp files" date="2025-11-20T04:03:55.012" /><!-- duration: 7ms -->
          <step title="Cleaning up temp files" date="2025-11-20T04:03:55.025" /><!-- duration: 507ms -->
          <step title="Reloading status file with latest updates" date="2025-11-20T04:03:55.585" >
            <step title="WebHooksManager.PublishEventAsync: PostDeployment" date="2025-11-20T04:03:55.592" /><!-- duration: 57ms -->
          </step><!-- duration: 69ms -->
          <step title="Cleaning up temporary deployment - fetch deployment was successful" date="2025-11-20T04:03:55.662" /><!-- duration: 7ms -->
        </step><!-- duration: 10157ms -->
      </step><!-- duration: 11827ms -->
