﻿<?xml version="1.0" encoding="utf-8"?>
<deployment>
  <id>1abc8c64-fb8e-4e52-a2e3-5adc2b725f8f</id>
  <author>N/A</author>
  <deployer>GITHUB_ZIP_DEPLOY</deployer>
  <authorEmail>N/A</authorEmail>
  <message>{"type":"deployment","sha":"ef569dbb27268c13bf20eba08f293f7f657f1318","repoName":"Naveenkumar-2007/Daibetes","actor":"Naveenkumar-2007","slotName":"production","commitMessage":"Fix user dashboard route to pass required template variables"}</message>
  <progress></progress>
  <status>Success</status>
  <statusText></statusText>
  <lastSuccessEndTime>2025-11-21T03:46:17.3938187Z</lastSuccessEndTime>
  <receivedTime>2025-11-21T03:29:41.8041876Z</receivedTime>
  <startTime>2025-11-21T03:29:43.2298051Z</startTime>
  <endTime>2025-11-21T03:46:17.3938187Z</endTime>
  <complete>True</complete>
  <is_temp>False</is_temp>
  <is_readonly>True</is_readonly>
  <buildSummary />
</deployment>