<step title="Incoming Request" date="2025-11-20T04:03:39.629" instance="3afc23" url="/api/zipdeploy?isAsync=true" method="POST" type="request" pid="767,1,7" Accept="*/*" Host="diabetes-predictor-ai.scm.azurewebsites.net" User-Agent="AZURECLI/2.77.0 (MSI)" Accept-Encoding="gzip, deflate" Authorization="Bea..." Cache-Control="no-cache" Content-Type="application/octet-stream" Content-Length="1947689" x-ms-client-request-id="ac50439b-c5c5-11f0-b5dc-94bb4333034a" x-ms-artifact-checksum="bc9ddfac00645a05a0ded862f8693eaedc7f952a57c88978bbb134be02ca35e7" X-ARR-LOG-ID="ac50439b-c5c5-11f0-b5dc-94bb4333034a" CLIENT-IP="27.60.174.109:53437" X-SITE-DEPLOYMENT-ID="diabetes-predictor-ai" WAS-DEFAULT-HOSTNAME="diabetes-predictor-ai.scm.azurewebsites.net" X-Forwarded-Proto="https" X-AppService-Proto="https" X-Forwarded-TlsVersion="1.3" X-WAWS-Unencoded-URL="/api/zipdeploy?isAsync=true" X-Client-IP="27.60.174.109" X-Client-Port="53437" >
  <step title="ZipPushDeploy" date="2025-11-20T04:03:39.891" >
    <step title="ZipDeploy. Extract zip." date="2025-11-20T04:03:39.903" /><!-- duration: 6ms -->
    <step title="None repository commit" date="2025-11-20T04:03:39.918" >
      <step title="Commit id: cb2cfe5c-1c6e-486f-a36a-d760c8d252c7" date="2025-11-20T04:03:39.924" Message="N/A" AuthorName="N/A" AuthorEmail="N/A" /><!-- duration: 8ms -->
    </step><!-- duration: 19ms -->
    <step title="Starting PushDeployAsync" date="2025-11-20T04:03:39.944" /><!-- duration: 7ms -->
    <step title="Writing artifact to /tmp/zipdeploy/4ce631f3-738c-47d7-a667-c91930f4b521.zip" date="2025-11-20T04:03:39.973" >
      <step title="Writing multipart request body to /tmp/zipdeploy/4ce631f3-738c-47d7-a667-c91930f4b521.zip" date="2025-11-20T04:03:39.980" /><!-- duration: 5ms -->
    </step><!-- duration: 72ms -->
    <step title="Start deployment in the background" date="2025-11-20T04:03:40.063" >
      <step title="Acquiring Deployment Lock" date="2025-11-20T04:03:40.092" /><!-- duration: 5ms -->
      <step title="Acquired Deployment Lock" date="2025-11-20T04:03:40.142" /><!-- duration: 5ms -->
    </step><!-- duration: 209ms -->
  </step><!-- duration: 394ms -->
  <step title="Outgoing response" date="2025-11-20T04:03:40.298" type="response" statusCode="202" statusText="Accepted" /><!-- duration: 7ms -->
</step><!-- duration: 681ms -->
