<step title="Incoming Request" date="2025-11-20T14:43:01.081" instance="f9df0d" url="/api/deployments/latest?deployer=GITHUB_ZIP_DEPLOY&amp;time=2025-11-20_14-35-27Z" method="GET" type="request" pid="768,1,5" Host="diabetes-predictor-ai.scm.azurewebsites.net" User-Agent="GITHUBACTIONS_DeployWebAppToAzure_5505dfba186e02ad317b13a393566e5946ff29c53190c5b1b5b3d4d1537ce5ab" Authorization="Bea..." Content-Type="application/json; charset=utf-8" Cookie="ARRAffinity=f9df0d7fb514de16eb0635756b937f662826e4dd1f31967a1dd4266cb436e6f5;Path=/;HttpOnly;Secure;Domain=diabetes-predictor-ai.scm.azurewebsites.net; ARRAffinitySameSite=f9df0d7fb514de16eb0635756b937f662826e4dd1f31967a1dd4266cb436e6f5;Path=/;HttpOnly;SameSite=None;Secure;Domain=diabetes-predictor-ai.scm.azurewebsites.net" Content-Length="0" X-ARR-LOG-ID="c8ce791e-9511-404b-a9fe-25ee102f2a1c" CLIENT-IP="135.232.200.65:8192" X-SITE-DEPLOYMENT-ID="diabetes-predictor-ai" WAS-DEFAULT-HOSTNAME="diabetes-predictor-ai.scm.azurewebsites.net" X-Forwarded-Proto="https" X-AppService-Proto="https" X-Forwarded-TlsVersion="1.3" X-WAWS-Unencoded-URL="/api/deployments/latest?deployer=GITHUB_ZIP_DEPLOY&amp;time=2025-11-20_14-35-27Z" X-Client-IP="135.232.200.65" X-Client-Port="8192" >
  <step title="Cleanup Xml Logs" date="2025-11-20T14:43:01.090" >
    <step title="Cleanup Infos" date="2025-11-20T14:43:01.170" totalFiles="354" totalCleanup="194" /><!-- duration: 66ms -->
  </step><!-- duration: 167ms -->
  <step title="DeploymentService.GetResult" date="2025-11-20T14:43:01.286" >
    <step title="DeploymentService.GetLatestDeployment" date="2025-11-20T14:43:01.296" >
      <step title="DeploymentManager.GetResults" date="2025-11-20T14:43:01.307" /><!-- duration: 607ms -->
    </step><!-- duration: 629ms -->
  </step><!-- duration: 656ms -->
  <step title="Outgoing response" date="2025-11-20T14:43:01.953" type="response" statusCode="202" statusText="Accepted" /><!-- duration: 41ms -->
</step><!-- duration: 971ms -->
