﻿<?xml version="1.0" encoding="utf-8"?>
<deployment>
  <id>de72121a-27ba-4f3c-8ffd-7179fc1db58a</id>
  <author>N/A</author>
  <deployer>Push-Deployer</deployer>
  <authorEmail>N/A</authorEmail>
  <message>Created via a push deployment</message>
  <progress></progress>
  <status>Success</status>
  <statusText></statusText>
  <lastSuccessEndTime>2025-11-28T12:30:28.5370947Z</lastSuccessEndTime>
  <receivedTime>2025-11-28T12:30:20.5291259Z</receivedTime>
  <startTime>2025-11-28T12:30:21.9128086Z</startTime>
  <endTime>2025-11-28T12:30:28.5370947Z</endTime>
  <complete>True</complete>
  <is_temp>False</is_temp>
  <is_readonly>True</is_readonly>
  <buildSummary />
</deployment>