﻿<?xml version="1.0" encoding="utf-8"?>
<deployment>
  <id>f947fb21-8184-40d2-bf66-db4568c8d1e4</id>
  <author>N/A</author>
  <deployer>OneDeploy</deployer>
  <authorEmail>N/A</authorEmail>
  <message>OneDeploy</message>
  <progress></progress>
  <status>Success</status>
  <statusText></statusText>
  <lastSuccessEndTime>2025-11-23T16:52:04.6110689Z</lastSuccessEndTime>
  <receivedTime>2025-11-23T16:51:53.5677109Z</receivedTime>
  <startTime>2025-11-23T16:51:54.9896674Z</startTime>
  <endTime>2025-11-23T16:52:04.6110689Z</endTime>
  <complete>True</complete>
  <is_temp>False</is_temp>
  <is_readonly>True</is_readonly>
  <buildSummary />
</deployment>