﻿<?xml version="1.0" encoding="utf-8"?>
<deployment>
  <id>1aa656e6-8b4f-43ec-9a95-14657c4545dc</id>
  <author>N/A</author>
  <deployer>Push-Deployer</deployer>
  <authorEmail>N/A</authorEmail>
  <message>Created via a push deployment</message>
  <progress></progress>
  <status>Success</status>
  <statusText></statusText>
  <lastSuccessEndTime>2025-11-28T09:12:05.8649052Z</lastSuccessEndTime>
  <receivedTime>2025-11-28T09:11:56.5843549Z</receivedTime>
  <startTime>2025-11-28T09:11:57.9155823Z</startTime>
  <endTime>2025-11-28T09:12:05.8649052Z</endTime>
  <complete>True</complete>
  <is_temp>False</is_temp>
  <is_readonly>True</is_readonly>
  <buildSummary />
</deployment>