﻿<?xml version="1.0" encoding="utf-8"?>
<deployment>
  <id>5ce09f4d-cced-4eb6-b565-11b62d0128a1</id>
  <author>N/A</author>
  <deployer>Push-Deployer</deployer>
  <authorEmail>N/A</authorEmail>
  <message>Created via a push deployment</message>
  <progress></progress>
  <status>Success</status>
  <statusText></statusText>
  <lastSuccessEndTime>2025-11-27T19:23:50.0985215Z</lastSuccessEndTime>
  <receivedTime>2025-11-27T19:23:41.5554912Z</receivedTime>
  <startTime>2025-11-27T19:23:42.8862564Z</startTime>
  <endTime>2025-11-27T19:23:50.0985215Z</endTime>
  <complete>True</complete>
  <is_temp>False</is_temp>
  <is_readonly>True</is_readonly>
  <buildSummary />
</deployment>