<step title="BackgroundTrace" date="2025-11-20T13:00:16.112" instance="f9df0d" url="/api/zipdeploy" method="POST" >
  <step title="Creating temporary deployment - FetchDeploymentManager" date="2025-11-20T13:00:16.308" /><!-- duration: 19ms -->
  <step title="Creating temporary deployment" date="2025-11-20T13:00:16.347" /><!-- duration: 298ms -->
  <step title="Performing fetch based deployment" date="2025-11-20T13:00:17.028" >
    <step title="Cleaning up temp folders from previous zip deployments and extracting pushed zip file /tmp/zipdeploy/03e87507-5f13-4565-9ca7-f4e39ac623a1.zip (0.84 MB) to /tmp/zipdeploy/extracted" date="2025-11-20T13:00:18.592" >
      <step title="ChmodRecursive Process exited with total time taken in ms: 293" date="2025-11-20T13:00:19.401" /><!-- duration: 29ms -->
    </step><!-- duration: 877ms -->
    <step title="Deployment timer started" date="2025-11-20T13:00:21.590" >
      <step title="DeploymentManager.Deploy(id:3520766c-bbd0-49ba-971d-bd89b6468970)" date="2025-11-20T13:00:21.621" >
        <step title="Collecting changeset information" date="2025-11-20T13:00:21.686" /><!-- duration: 215ms -->
        <step title="Updating submodules" date="2025-11-20T13:00:21.928" /><!-- duration: 1254ms -->
        <step title="Determining deployment builder" date="2025-11-20T13:00:23.838" >
          <step title="Builder is OryxBuilder" date="2025-11-20T13:00:23.936" /><!-- duration: 20ms -->
        </step><!-- duration: 168ms -->
        <step title="PreDeployment: context.CleanOutputPath False" date="2025-11-20T13:00:24.138" >
          <step title="PreDeployment: context.OutputPath /home/site/wwwroot" date="2025-11-20T13:00:24.434" >
            <step title="Building" date="2025-11-20T13:00:24.749" >
              <step title="Executing external process" date="2025-11-20T13:00:26.246" type="process" path="bash" arguments="-c &quot;oryx build /tmp/zipdeploy/extracted -o /home/site/wwwroot --platform python --platform-version 3.12 -p virtualenv_name=antenv --log-file /tmp/build-debug.log  -i /tmp/8de2834c4e98a0a --compress-destination-dir | tee /tmp/oryx-build.log ; exit $PIPESTATUS &quot;" >
                <step title="Cpu: python(1018,25.200s)+ts(1019,0.230s)+build.sh(1017,0.000s)+build.sh(1016,0.000s)+build.sh(919,0.080s)+oryx(897,6.800s)+tee(898,0.010s)+bash(896,0.000s)=total(32.320s)" date="2025-11-20T13:02:22.417" /><!-- duration: 20ms -->
                <step title="bash: no io activity for 60s, prev-cpu=-1.000s, current-cpu=32.320s" date="2025-11-20T13:02:22.503" /><!-- duration: 12ms -->
                <step title="Cpu: python(1018,45.190s)+ts(1019,0.270s)+build.sh(1017,0.000s)+build.sh(1016,0.000s)+build.sh(919,0.090s)+oryx(897,6.850s)+tee(898,0.010s)+bash(896,0.000s)=total(52.410s)" date="2025-11-20T13:03:22.843" /><!-- duration: 17ms -->
                <step title="bash: no io activity for 121s, prev-cpu=32.320s, current-cpu=52.410s" date="2025-11-20T13:03:22.882" /><!-- duration: 20ms -->
                <step title="Cpu: python(1018,71.470s)+ts(1019,0.330s)+build.sh(1017,0.000s)+build.sh(1016,0.000s)+build.sh(919,0.100s)+oryx(897,6.930s)+tee(898,0.010s)+bash(896,0.000s)=total(78.840s)" date="2025-11-20T13:04:23.280" /><!-- duration: 55ms -->
                <step title="bash: no io activity for 181s, prev-cpu=52.410s, current-cpu=78.840s" date="2025-11-20T13:04:23.394" /><!-- duration: 16ms -->
                <step title="Cpu: python(1018,115.110s)+ts(1019,0.330s)+build.sh(1017,0.000s)+build.sh(1016,0.000s)+build.sh(919,0.100s)+oryx(897,6.980s)+tee(898,0.010s)+bash(896,0.000s)=total(122.530s)" date="2025-11-20T13:05:23.653" /><!-- duration: 31ms -->
                <step title="bash: no io activity for 242s, prev-cpu=78.840s, current-cpu=122.530s" date="2025-11-20T13:05:23.771" /><!-- duration: 47ms -->
                <step title="Cpu: python(1018,144.930s)+ts(1019,0.330s)+build.sh(1017,0.000s)+build.sh(1016,0.000s)+build.sh(919,0.100s)+oryx(897,7.040s)+tee(898,0.010s)+bash(896,0.000s)=total(152.400s)" date="2025-11-20T13:06:24.380" /><!-- duration: 27ms -->
                <step title="bash: no io activity for 302s, prev-cpu=122.530s, current-cpu=152.400s" date="2025-11-20T13:06:24.437" /><!-- duration: 19ms -->
                <step title="Cpu: python(1018,172.600s)+ts(1019,0.330s)+build.sh(1017,0.000s)+build.sh(1016,0.000s)+build.sh(919,0.100s)+oryx(897,7.120s)+tee(898,0.010s)+bash(896,0.000s)=total(180.160s)" date="2025-11-20T13:07:25.207" /><!-- duration: 44ms -->
                <step title="bash: no io activity for 363s, prev-cpu=152.400s, current-cpu=180.160s" date="2025-11-20T13:07:25.382" /><!-- duration: 106ms -->
                <step title="Cpu: python(1018,198.950s)+ts(1019,0.330s)+build.sh(1017,0.000s)+build.sh(1016,0.000s)+build.sh(919,0.100s)+oryx(897,7.150s)+tee(898,0.010s)+bash(896,0.000s)=total(206.540s)" date="2025-11-20T13:08:26.107" /><!-- duration: 20ms -->
                <step title="bash: no io activity for 424s, prev-cpu=180.160s, current-cpu=206.540s" date="2025-11-20T13:08:26.146" /><!-- duration: 37ms -->
                <step title="Cpu: python(1018,244.510s)+ts(1019,0.330s)+build.sh(1017,0.000s)+build.sh(1016,0.000s)+build.sh(919,0.100s)+oryx(897,7.180s)+tee(898,0.010s)+bash(896,0.000s)=total(252.130s)" date="2025-11-20T13:09:26.496" /><!-- duration: 21ms -->
                <step title="bash: no io activity for 484s, prev-cpu=206.540s, current-cpu=252.130s" date="2025-11-20T13:09:26.573" /><!-- duration: 21ms -->
                <step title="Cpu: rsync(1238,15.290s)+rsync(1237,1.950s)+rsync(1236,11.830s)+build.sh(919,0.120s)+oryx(897,8.470s)+tee(898,0.010s)+bash(896,0.000s)=total(37.670s)" date="2025-11-20T13:10:56.157" /><!-- duration: 17ms -->
                <step title="bash: no io activity for 60s, prev-cpu=-1.000s, current-cpu=37.670s" date="2025-11-20T13:10:56.213" /><!-- duration: 29ms -->
                <step title="Cpu: gzip(1276,37.640s)+sh(1275,0.000s)+tar(1274,2.390s)+build.sh(919,0.130s)+oryx(897,8.530s)+tee(898,0.020s)+bash(896,0.000s)=total(48.710s)" date="2025-11-20T13:12:11.770" /><!-- duration: 95ms -->
                <step title="bash: no io activity for 60s, prev-cpu=-1.000s, current-cpu=48.710s" date="2025-11-20T13:12:12.334" /><!-- duration: 31ms -->
                <step title="Cpu: gzip(1276,68.420s)+sh(1275,0.000s)+tar(1274,3.200s)+build.sh(919,0.130s)+oryx(897,8.560s)+tee(898,0.020s)+bash(896,0.000s)=total(80.330s)" date="2025-11-20T13:13:12.786" /><!-- duration: 19ms -->
                <step title="bash: no io activity for 122s, prev-cpu=48.710s, current-cpu=80.330s" date="2025-11-20T13:13:12.823" /><!-- duration: 12ms -->
                <step title="Cpu: gzip(1276,108.200s)+sh(1275,0.000s)+tar(1274,4.100s)+build.sh(919,0.130s)+oryx(897,8.570s)+tee(898,0.020s)+bash(896,0.000s)=total(121.020s)" date="2025-11-20T13:14:13.195" /><!-- duration: 37ms -->
                <step title="bash: no io activity for 182s, prev-cpu=80.330s, current-cpu=121.020s" date="2025-11-20T13:14:13.244" /><!-- duration: 45ms -->
                <step title="Cpu: gzip(1276,146.630s)+sh(1275,0.000s)+tar(1274,8.450s)+build.sh(919,0.130s)+oryx(897,8.590s)+tee(898,0.020s)+bash(896,0.000s)=total(163.820s)" date="2025-11-20T13:15:13.573" /><!-- duration: 28ms -->
                <step title="bash: no io activity for 242s, prev-cpu=121.020s, current-cpu=163.820s" date="2025-11-20T13:15:13.617" /><!-- duration: 12ms -->
                <step title="Cpu: gzip(1276,186.740s)+sh(1275,0.000s)+tar(1274,11.980s)+build.sh(919,0.130s)+oryx(897,8.610s)+tee(898,0.020s)+bash(896,0.000s)=total(207.480s)" date="2025-11-20T13:16:13.834" /><!-- duration: 9ms -->
                <step title="bash: no io activity for 303s, prev-cpu=163.820s, current-cpu=207.480s" date="2025-11-20T13:16:13.873" /><!-- duration: 12ms -->
              </step><!-- duration: 1009304ms -->
              <step title="Using PythonDeploymentLogParser" date="2025-11-20T13:17:16.943" /><!-- duration: 76ms -->
              <step title="Triggering recycle (preview mode disabled)." date="2025-11-20T13:17:20.921" /><!-- duration: 31ms -->
              <step title="Modified file to trigger a restart of the app container." date="2025-11-20T13:17:21.037" /><!-- duration: 28ms -->
              <step title="Skip function trigger and logicapp sync because function is not enabled." date="2025-11-20T13:17:22.089" /><!-- duration: 28ms -->
              <step title="Purge deployment items" date="2025-11-20T13:17:24.366" >
                <step title="Remove 2ae4b088-, Failed, received at 11/20/2025 05:07:20" date="2025-11-20T13:17:24.598" /><!-- duration: 30ms -->
                <step title="Remove temp-f9c1, Failed, received at 11/20/2025 05:07:09" date="2025-11-20T13:17:24.851" /><!-- duration: 20ms -->
                <step title="Remove f49a03ed-, Failed, received at 11/20/2025 05:02:22" date="2025-11-20T13:17:25.057" /><!-- duration: 56ms -->
                <step title="Remove temp-92b4, Failed, received at 11/20/2025 05:02:16" date="2025-11-20T13:17:25.814" /><!-- duration: 10ms -->
              </step><!-- duration: 1474ms -->
            </step><!-- duration: 1021277ms -->
          </step><!-- duration: 1021643ms -->
          <step title="Cleaning up temp files" date="2025-11-20T13:17:26.107" /><!-- duration: 10695ms -->
          <step title="Cleaning up temp files" date="2025-11-20T13:17:36.810" /><!-- duration: 512ms -->
          <step title="Reloading status file with latest updates" date="2025-11-20T13:17:37.402" >
            <step title="WebHooksManager.PublishEventAsync: PostDeployment" date="2025-11-20T13:17:37.408" /><!-- duration: 181ms -->
          </step><!-- duration: 195ms -->
          <step title="Cleaning up temporary deployment - fetch deployment was successful" date="2025-11-20T13:17:37.651" /><!-- duration: 5ms -->
        </step><!-- duration: 1033579ms -->
      </step><!-- duration: 1036120ms -->
