<step title="Incoming Request" date="2025-11-20T16:38:33.026" instance="f9df0d" url="/api/deployments/latest?deployer=GITHUB_ZIP_DEPLOY&amp;time=2025-11-20_16-35-38Z" method="GET" type="request" pid="768,1,21" Host="diabetes-predictor-ai.scm.azurewebsites.net" User-Agent="GITHUBACTIONS_DeployWebAppToAzure_5505dfba186e02ad317b13a393566e5946ff29c53190c5b1b5b3d4d1537ce5ab" Authorization="Bea..." Content-Type="application/json; charset=utf-8" Cookie="ARRAffinity=f9df0d7fb514de16eb0635756b937f662826e4dd1f31967a1dd4266cb436e6f5;Path=/;HttpOnly;Secure;Domain=diabetes-predictor-ai.scm.azurewebsites.net; ARRAffinitySameSite=f9df0d7fb514de16eb0635756b937f662826e4dd1f31967a1dd4266cb436e6f5;Path=/;HttpOnly;SameSite=None;Secure;Domain=diabetes-predictor-ai.scm.azurewebsites.net" Content-Length="0" X-ARR-LOG-ID="4f9dc961-4a51-4369-b551-29d0c9d5d750" CLIENT-IP="64.236.201.34:64512" X-SITE-DEPLOYMENT-ID="diabetes-predictor-ai" WAS-DEFAULT-HOSTNAME="diabetes-predictor-ai.scm.azurewebsites.net" X-Forwarded-Proto="https" X-AppService-Proto="https" X-Forwarded-TlsVersion="1.3" X-WAWS-Unencoded-URL="/api/deployments/latest?deployer=GITHUB_ZIP_DEPLOY&amp;time=2025-11-20_16-35-38Z" X-Client-IP="64.236.201.34" X-Client-Port="64512" >
  <step title="Cleanup Xml Logs" date="2025-11-20T16:38:33.036" >
    <step title="Cleanup Infos" date="2025-11-20T16:38:33.116" totalFiles="450" totalCleanup="290" /><!-- duration: 30ms -->
  </step><!-- duration: 132ms -->
  <step title="DeploymentService.GetResult" date="2025-11-20T16:38:33.232" >
    <step title="DeploymentService.GetLatestDeployment" date="2025-11-20T16:38:33.252" >
      <step title="DeploymentManager.GetResults" date="2025-11-20T16:38:33.280" /><!-- duration: 865ms -->
    </step><!-- duration: 934ms -->
  </step><!-- duration: 971ms -->
  <step title="Outgoing response" date="2025-11-20T16:38:34.236" type="response" statusCode="202" statusText="Accepted" /><!-- duration: 11ms -->
</step><!-- duration: 1228ms -->
