<step title="BackgroundTrace" date="2025-11-20T14:35:27.350" instance="f9df0d" url="/api/zipdeploy" method="POST" >
  <step title="Creating temporary deployment - FetchDeploymentManager" date="2025-11-20T14:35:27.418" /><!-- duration: 4ms -->
  <step title="Creating temporary deployment" date="2025-11-20T14:35:27.428" /><!-- duration: 80ms -->
  <step title="Performing fetch based deployment" date="2025-11-20T14:35:27.557" >
    <step title="Cleaning up temp folders from previous zip deployments and extracting pushed zip file /tmp/zipdeploy/663bb865-0bc2-4352-9c54-9d9d63fcb4a2.zip (1.62 MB) to /tmp/zipdeploy/extracted" date="2025-11-20T14:35:29.297" >
      <step title="ChmodRecursive Process exited with total time taken in ms: 425" date="2025-11-20T14:35:30.624" /><!-- duration: 12ms -->
    </step><!-- duration: 1345ms -->
    <step title="Deployment timer started" date="2025-11-20T14:35:32.724" >
      <step title="DeploymentManager.Deploy(id:84b9e530-d53d-406d-b0f7-e165e7a76286)" date="2025-11-20T14:35:32.910" >
        <step title="Collecting changeset information" date="2025-11-20T14:35:32.959" /><!-- duration: 272ms -->
        <step title="Updating submodules" date="2025-11-20T14:35:33.249" /><!-- duration: 1375ms -->
        <step title="Determining deployment builder" date="2025-11-20T14:35:35.129" >
          <step title="Builder is OryxBuilder" date="2025-11-20T14:35:35.184" /><!-- duration: 11ms -->
        </step><!-- duration: 79ms -->
        <step title="PreDeployment: context.CleanOutputPath False" date="2025-11-20T14:35:35.350" >
          <step title="PreDeployment: context.OutputPath /home/site/wwwroot" date="2025-11-20T14:35:35.661" >
            <step title="Building" date="2025-11-20T14:35:36.108" >
              <step title="Executing external process" date="2025-11-20T14:35:36.846" type="process" path="bash" arguments="-c &quot;oryx build /tmp/zipdeploy/extracted -o /home/site/wwwroot --platform python --platform-version 3.12 -p virtualenv_name=antenv --log-file /tmp/build-debug.log  -i /tmp/8de28421111c5d1 --compress-destination-dir | tee /tmp/oryx-build.log ; exit $PIPESTATUS &quot;" >
                <step title="Cpu: python(2664,21.810s)+ts(2665,0.170s)+build.sh(2663,0.000s)+build.sh(2662,0.000s)+build.sh(2573,0.080s)+oryx(2554,5.400s)+tee(2555,0.000s)+bash(2553,0.000s)=total(27.440s)" date="2025-11-20T14:37:15.070" /><!-- duration: 21ms -->
                <step title="bash: no io activity for 60s, prev-cpu=-1.000s, current-cpu=27.440s" date="2025-11-20T14:37:15.121" /><!-- duration: 45ms -->
                <step title="Cpu: python(2664,46.500s)+ts(2665,0.240s)+build.sh(2663,0.000s)+build.sh(2662,0.000s)+build.sh(2573,0.100s)+oryx(2554,5.550s)+tee(2555,0.000s)+bash(2553,0.000s)=total(52.390s)" date="2025-11-20T14:38:15.619" /><!-- duration: 26ms -->
                <step title="bash: no io activity for 121s, prev-cpu=27.440s, current-cpu=52.390s" date="2025-11-20T14:38:15.659" /><!-- duration: 26ms -->
                <step title="Cpu: python(2664,86.470s)+ts(2665,0.270s)+build.sh(2663,0.000s)+build.sh(2662,0.000s)+build.sh(2573,0.120s)+oryx(2554,5.620s)+tee(2555,0.000s)+bash(2553,0.000s)=total(92.480s)" date="2025-11-20T14:39:15.992" /><!-- duration: 29ms -->
                <step title="bash: no io activity for 181s, prev-cpu=52.390s, current-cpu=92.480s" date="2025-11-20T14:39:16.068" /><!-- duration: 10ms -->
                <step title="Cpu: python(2664,125.500s)+ts(2665,0.270s)+build.sh(2663,0.000s)+build.sh(2662,0.000s)+build.sh(2573,0.120s)+oryx(2554,5.670s)+tee(2555,0.000s)+bash(2553,0.000s)=total(131.540s)" date="2025-11-20T14:40:16.431" /><!-- duration: 58ms -->
                <step title="bash: no io activity for 242s, prev-cpu=92.480s, current-cpu=131.540s" date="2025-11-20T14:40:16.534" /><!-- duration: 10ms -->
                <step title="Cpu: python(2664,165.560s)+ts(2665,0.270s)+build.sh(2663,0.000s)+build.sh(2662,0.000s)+build.sh(2573,0.120s)+oryx(2554,5.770s)+tee(2555,0.000s)+bash(2553,0.000s)=total(171.640s)" date="2025-11-20T14:41:17.328" /><!-- duration: 47ms -->
                <step title="bash: no io activity for 303s, prev-cpu=131.540s, current-cpu=171.640s" date="2025-11-20T14:41:17.446" /><!-- duration: 49ms -->
                <step title="Cpu: python(2664,201.810s)+ts(2665,0.270s)+build.sh(2663,0.000s)+build.sh(2662,0.000s)+build.sh(2573,0.120s)+oryx(2554,5.800s)+tee(2555,0.000s)+bash(2553,0.000s)=total(207.990s)" date="2025-11-20T14:42:17.925" /><!-- duration: 142ms -->
                <step title="bash: no io activity for 363s, prev-cpu=171.640s, current-cpu=207.990s" date="2025-11-20T14:42:18.558" /><!-- duration: 124ms -->
                <step title="Cpu: python(2664,232.480s)+ts(2665,0.270s)+build.sh(2663,0.000s)+build.sh(2662,0.000s)+build.sh(2573,0.120s)+oryx(2554,5.820s)+tee(2555,0.000s)+bash(2553,0.000s)=total(238.680s)" date="2025-11-20T14:43:19.383" /><!-- duration: 56ms -->
                <step title="bash: no io activity for 425s, prev-cpu=207.990s, current-cpu=238.680s" date="2025-11-20T14:43:19.487" /><!-- duration: 39ms -->
                <step title="Cpu: rsync(2813,12.530s)+rsync(2812,1.670s)+rsync(2811,9.470s)+build.sh(2573,0.120s)+oryx(2554,6.200s)+tee(2555,0.010s)+bash(2553,0.000s)=total(30.000s)" date="2025-11-20T14:44:45.051" /><!-- duration: 22ms -->
                <step title="bash: no io activity for 60s, prev-cpu=-1.000s, current-cpu=30.000s" date="2025-11-20T14:44:45.148" /><!-- duration: 13ms -->
                <step title="Cpu: gzip(2846,40.270s)+sh(2845,0.000s)+tar(2844,2.120s)+build.sh(2573,0.140s)+oryx(2554,6.360s)+tee(2555,0.010s)+bash(2553,0.000s)=total(48.900s)" date="2025-11-20T14:46:16.631" /><!-- duration: 29ms -->
                <step title="bash: no io activity for 61s, prev-cpu=-1.000s, current-cpu=48.900s" date="2025-11-20T14:46:16.689" /><!-- duration: 20ms -->
                <step title="Cpu: gzip(2846,81.880s)+sh(2845,0.000s)+tar(2844,3.210s)+build.sh(2573,0.140s)+oryx(2554,6.390s)+tee(2555,0.010s)+bash(2553,0.000s)=total(91.630s)" date="2025-11-20T14:47:16.978" /><!-- duration: 86ms -->
                <step title="bash: no io activity for 121s, prev-cpu=48.900s, current-cpu=91.630s" date="2025-11-20T14:47:17.106" /><!-- duration: 37ms -->
                <step title="Cpu: gzip(2846,108.530s)+sh(2845,0.000s)+tar(2844,4.000s)+build.sh(2573,0.140s)+oryx(2554,6.410s)+tee(2555,0.010s)+bash(2553,0.000s)=total(119.090s)" date="2025-11-20T14:48:18.325" /><!-- duration: 21ms -->
                <step title="bash: no io activity for 183s, prev-cpu=91.630s, current-cpu=119.090s" date="2025-11-20T14:48:18.384" /><!-- duration: 26ms -->
                <step title="Cpu: gzip(2846,147.760s)+sh(2845,0.000s)+tar(2844,8.580s)+build.sh(2573,0.140s)+oryx(2554,6.410s)+tee(2555,0.010s)+bash(2553,0.000s)=total(162.900s)" date="2025-11-20T14:49:18.613" /><!-- duration: 28ms -->
                <step title="bash: no io activity for 243s, prev-cpu=119.090s, current-cpu=162.900s" date="2025-11-20T14:49:18.659" /><!-- duration: 13ms -->
                <step title="Cpu: gzip(2846,185.130s)+sh(2845,0.000s)+tar(2844,11.920s)+build.sh(2573,0.140s)+oryx(2554,6.440s)+tee(2555,0.010s)+bash(2553,0.000s)=total(203.640s)" date="2025-11-20T14:50:18.888" /><!-- duration: 30ms -->
                <step title="bash: no io activity for 303s, prev-cpu=162.900s, current-cpu=203.640s" date="2025-11-20T14:50:18.959" /><!-- duration: 17ms -->
              </step><!-- duration: 934961ms -->
              <step title="Using PythonDeploymentLogParser" date="2025-11-20T14:51:12.594" /><!-- duration: 6ms -->
              <step title="Triggering recycle (preview mode disabled)." date="2025-11-20T14:51:14.159" /><!-- duration: 9ms -->
              <step title="Modified file to trigger a restart of the app container." date="2025-11-20T14:51:14.209" /><!-- duration: 4ms -->
              <step title="Skip function trigger and logicapp sync because function is not enabled." date="2025-11-20T14:51:14.223" /><!-- duration: 12ms -->
            </step><!-- duration: 939095ms -->
          </step><!-- duration: 939558ms -->
          <step title="Cleaning up temp files" date="2025-11-20T14:51:15.223" /><!-- duration: 10969ms -->
          <step title="Cleaning up temp files" date="2025-11-20T14:51:26.211" /><!-- duration: 519ms -->
          <step title="Reloading status file with latest updates" date="2025-11-20T14:51:26.767" >
            <step title="WebHooksManager.PublishEventAsync: PostDeployment" date="2025-11-20T14:51:26.774" /><!-- duration: 59ms -->
          </step><!-- duration: 72ms -->
          <step title="Cleaning up temporary deployment - fetch deployment was successful" date="2025-11-20T14:51:26.854" /><!-- duration: 9ms -->
        </step><!-- duration: 951609ms -->
      </step><!-- duration: 954280ms -->
