<step title="Incoming Request" date="2025-11-20T13:45:51.333" instance="f9df0d" url="/api/zipdeploy?isAsync=true&amp;deployer=GITHUB_ZIP_DEPLOY&amp;message=%7B%22type%22%3A%22deployment%22%2C%22sha%22%3A%22610b57903254dc3d981d5226a0d3bd168914cc88%22%2C%22repoName%22%3A%22Naveenkumar-2007%2FDaibetes%22%2C%22actor%22%3A%22Naveenkumar-2007%22%2C%22slotName%22%3A%22production%22%2C%22commitMessage%22%3A%22fix%3A%20Downgrade%20pytz%20to%202023.3%20to%20resolve%20mlflow%20dependency%20conflict%22%7D" method="POST" type="request" pid="768,1,26" Host="diabetes-predictor-ai.scm.azurewebsites.net" User-Agent="GITHUBACTIONS_DeployWebAppToAzure_5505dfba186e02ad317b13a393566e5946ff29c53190c5b1b5b3d4d1537ce5ab" Authorization="Bea..." Content-Type="application/octet-stream" Cookie="ARRAffinity=f9df0d7fb514de16eb0635756b937f662826e4dd1f31967a1dd4266cb436e6f5;Path=/;HttpOnly;Secure;Domain=diabetes-predictor-ai.scm.azurewebsites.net; ARRAffinitySameSite=f9df0d7fb514de16eb0635756b937f662826e4dd1f31967a1dd4266cb436e6f5;Path=/;HttpOnly;SameSite=None;Secure;Domain=diabetes-predictor-ai.scm.azurewebsites.net" Transfer-Encoding="chunked" X-ARR-LOG-ID="6a46587a-6fa3-49b7-81e6-1faccb7c94cf" CLIENT-IP="64.236.134.33:20416" X-SITE-DEPLOYMENT-ID="diabetes-predictor-ai" WAS-DEFAULT-HOSTNAME="diabetes-predictor-ai.scm.azurewebsites.net" X-Forwarded-Proto="https" X-AppService-Proto="https" X-Forwarded-TlsVersion="1.3" X-WAWS-Unencoded-URL="/api/zipdeploy?isAsync=true&amp;deployer=GITHUB_ZIP_DEPLOY&amp;message=%7B%22type%22%3A%22deployment%22%2C%22sha%22%3A%22610b57903254dc3d981d5226a0d3bd168914cc88%22%2C%22repoName%22%3A%22Naveenkumar-2007%2FDaibetes%22%2C%22actor%22%3A%22Naveenkumar-2007%22%2C%22slotName%22%3A%22production%22%2C%22commitMessage%22%3A%22fix%3A%20Downgrade%20pytz%20to%202023.3%20to%20resolve%20mlflow%20dependency%20conflict%22%7D" X-Client-IP="64.236.134.33" X-Client-Port="20416" >
  <step title="ZipPushDeploy" date="2025-11-20T13:45:51.454" >
    <step title="ZipDeploy. Extract zip. Remote build." date="2025-11-20T13:45:51.486" /><!-- duration: 6ms -->
    <step title="Starting PushDeployAsync" date="2025-11-20T13:45:51.508" /><!-- duration: 7ms -->
    <step title="Writing artifact to /tmp/zipdeploy/dd28af50-bc1c-41ee-bcbb-eee12115f71e.zip" date="2025-11-20T13:45:51.552" >
      <step title="Writing multipart request body to /tmp/zipdeploy/dd28af50-bc1c-41ee-bcbb-eee12115f71e.zip" date="2025-11-20T13:45:51.561" /><!-- duration: 10ms -->
    </step><!-- duration: 1024ms -->
    <step title="Removing previous build artifact&apos;s manifest file" date="2025-11-20T13:45:52.590" >
      <step title="Start deployment in the background" date="2025-11-20T13:45:52.612" >
        <step title="Acquiring Deployment Lock" date="2025-11-20T13:45:52.634" /><!-- duration: 5ms -->
        <step title="Acquired Deployment Lock" date="2025-11-20T13:45:52.676" /><!-- duration: 5ms -->
      </step><!-- duration: 176ms -->
    </step><!-- duration: 215ms -->
    <step title="Outgoing response" date="2025-11-20T13:45:52.810" type="response" statusCode="202" statusText="Accepted" /><!-- duration: 5ms -->
  </step><!-- duration: 1365ms -->
