<step title="Incoming Request" date="2025-11-20T14:40:48.253" instance="f9df0d" url="/api/deployments/latest?deployer=GITHUB_ZIP_DEPLOY&amp;time=2025-11-20_14-35-27Z" method="GET" type="request" pid="768,1,5" Host="diabetes-predictor-ai.scm.azurewebsites.net" User-Agent="GITHUBACTIONS_DeployWebAppToAzure_5505dfba186e02ad317b13a393566e5946ff29c53190c5b1b5b3d4d1537ce5ab" Authorization="Bea..." Content-Type="application/json; charset=utf-8" Cookie="ARRAffinity=f9df0d7fb514de16eb0635756b937f662826e4dd1f31967a1dd4266cb436e6f5;Path=/;HttpOnly;Secure;Domain=diabetes-predictor-ai.scm.azurewebsites.net; ARRAffinitySameSite=f9df0d7fb514de16eb0635756b937f662826e4dd1f31967a1dd4266cb436e6f5;Path=/;HttpOnly;SameSite=None;Secure;Domain=diabetes-predictor-ai.scm.azurewebsites.net" Content-Length="0" X-ARR-LOG-ID="abe39724-7892-4a6a-a9df-3ac108935ef8" CLIENT-IP="135.232.200.65:8192" X-SITE-DEPLOYMENT-ID="diabetes-predictor-ai" WAS-DEFAULT-HOSTNAME="diabetes-predictor-ai.scm.azurewebsites.net" X-Forwarded-Proto="https" X-AppService-Proto="https" X-Forwarded-TlsVersion="1.3" X-WAWS-Unencoded-URL="/api/deployments/latest?deployer=GITHUB_ZIP_DEPLOY&amp;time=2025-11-20_14-35-27Z" X-Client-IP="135.232.200.65" X-Client-Port="8192" >
  <step title="Cleanup Xml Logs" date="2025-11-20T14:40:48.262" >
    <step title="Cleanup Infos" date="2025-11-20T14:40:48.309" totalFiles="336" totalCleanup="176" /><!-- duration: 22ms -->
  </step><!-- duration: 88ms -->
  <step title="DeploymentService.GetResult" date="2025-11-20T14:40:48.379" >
    <step title="DeploymentService.GetLatestDeployment" date="2025-11-20T14:40:48.397" >
      <step title="DeploymentManager.GetResults" date="2025-11-20T14:40:48.410" /><!-- duration: 605ms -->
    </step><!-- duration: 655ms -->
  </step><!-- duration: 703ms -->
  <step title="Outgoing response" date="2025-11-20T14:40:49.100" type="response" statusCode="202" statusText="Accepted" /><!-- duration: 10ms -->
</step><!-- duration: 874ms -->
