<step title="Incoming Request" date="2025-11-20T14:47:55.623" instance="f9df0d" url="/api/deployments/latest?deployer=GITHUB_ZIP_DEPLOY&amp;time=2025-11-20_14-35-27Z" method="GET" type="request" pid="768,1,15" Host="diabetes-predictor-ai.scm.azurewebsites.net" User-Agent="GITHUBACTIONS_DeployWebAppToAzure_5505dfba186e02ad317b13a393566e5946ff29c53190c5b1b5b3d4d1537ce5ab" Authorization="Bea..." Content-Type="application/json; charset=utf-8" Cookie="ARRAffinity=f9df0d7fb514de16eb0635756b937f662826e4dd1f31967a1dd4266cb436e6f5;Path=/;HttpOnly;Secure;Domain=diabetes-predictor-ai.scm.azurewebsites.net; ARRAffinitySameSite=f9df0d7fb514de16eb0635756b937f662826e4dd1f31967a1dd4266cb436e6f5;Path=/;HttpOnly;SameSite=None;Secure;Domain=diabetes-predictor-ai.scm.azurewebsites.net" Content-Length="0" X-ARR-LOG-ID="c9270efb-61c5-42a7-9849-4dfe0a9093c3" CLIENT-IP="135.232.200.65:8194" X-SITE-DEPLOYMENT-ID="diabetes-predictor-ai" WAS-DEFAULT-HOSTNAME="diabetes-predictor-ai.scm.azurewebsites.net" X-Forwarded-Proto="https" X-AppService-Proto="https" X-Forwarded-TlsVersion="1.3" X-WAWS-Unencoded-URL="/api/deployments/latest?deployer=GITHUB_ZIP_DEPLOY&amp;time=2025-11-20_14-35-27Z" X-Client-IP="135.232.200.65" X-Client-Port="8194" >
  <step title="Cleanup Xml Logs" date="2025-11-20T14:47:55.632" >
    <step title="Cleanup Infos" date="2025-11-20T14:47:55.720" totalFiles="395" totalCleanup="235" /><!-- duration: 36ms -->
  </step><!-- duration: 136ms -->
  <step title="DeploymentService.GetResult" date="2025-11-20T14:47:55.794" >
    <step title="DeploymentService.GetLatestDeployment" date="2025-11-20T14:47:55.813" >
      <step title="DeploymentManager.GetResults" date="2025-11-20T14:47:55.824" /><!-- duration: 599ms -->
    </step><!-- duration: 642ms -->
  </step><!-- duration: 680ms -->
  <step title="Outgoing response" date="2025-11-20T14:47:56.492" type="response" statusCode="202" statusText="Accepted" /><!-- duration: 19ms -->
</step><!-- duration: 899ms -->
