<step title="Incoming Request" date="2025-11-20T16:35:37.300" instance="f9df0d" url="/api/zipdeploy?isAsync=true&amp;deployer=GITHUB_ZIP_DEPLOY&amp;message=%7B%22type%22%3A%22deployment%22%2C%22sha%22%3A%2286e006aa2b629b6ce74f2602b0c0ed143b424686%22%2C%22repoName%22%3A%22Naveenkumar-2007%2FDaibetes%22%2C%22actor%22%3A%22Naveenkumar-2007%22%2C%22slotName%22%3A%22production%22%2C%22commitMessage%22%3A%22feat%3A%20Advanced%20mobile-first%20responsive%20redesign%20with%20professional%20UI%5Cn%5CnComplete%20UI%2FUX%20overhaul%20with%20modern%20design%20system%3A%5Cn%5CnDashboard%20Improvements%3A%5Cn-%20Created%20responsive_dashboard.css%20with%20comprehensive%20mobile-first%20design%5Cn-%20Redesigned%20user_dashboard.html%20with%20hamburger%20menu%20navigation%5Cn-%20Implemented%20sliding%20sidebar%20with%20smooth%20animations%5Cn-%20Added%20mobile%20header%20with%20sticky%20positioning%5Cn-%20Created%20touch-optimized%20buttons%20(minimum%2048px%20targets)%5Cn-%20Designed%20responsive%20stats%20grid%20(124%20columns)%5Cn-%20Built%20action%20cards%20with%20clear%20CTAs%5Cn-%20Improved%20table%20layout%20with%20horizontal%20scroll%5Cn%5CnMobile%20Features%3A%5Cn-%20Hamburger%20menu%20with%20slide-in%20animation%5Cn-%20Mobile%20overlay%20for%20sidebar%20backdrop%5Cn-%20Touch-friendly%20navigation%20items%5Cn-%20Responsive%20font%20sizes%20and%20spacing%5Cn-%20Optimized%20padding%20and%20margins%5Cn-%20Better%20icon%20sizing%20for%20mobile%5Cn-%20Improved%20button%20layouts%5Cn%5CnDesign%20System%3A%5Cn-%20CSS%20custom%20properties%20for%20consistent%20theming%5Cn-%20Mobile-first%20breakpoints%20(768px%2C%201024px%2C%201280px)%5Cn-%20Professional%20color%20palette%5Cn-%20Smooth%20transitions%20and%20anim%22%7D" method="POST" type="request" pid="768,1,24" Host="diabetes-predictor-ai.scm.azurewebsites.net" User-Agent="GITHUBACTIONS_DeployWebAppToAzure_5505dfba186e02ad317b13a393566e5946ff29c53190c5b1b5b3d4d1537ce5ab" Authorization="Bea..." Content-Type="application/octet-stream" Cookie="ARRAffinity=f9df0d7fb514de16eb0635756b937f662826e4dd1f31967a1dd4266cb436e6f5;Path=/;HttpOnly;Secure;Domain=diabetes-predictor-ai.scm.azurewebsites.net; ARRAffinitySameSite=f9df0d7fb514de16eb0635756b937f662826e4dd1f31967a1dd4266cb436e6f5;Path=/;HttpOnly;SameSite=None;Secure;Domain=diabetes-predictor-ai.scm.azurewebsites.net" Transfer-Encoding="chunked" X-ARR-LOG-ID="42f4f109-73a1-4ffc-aa14-7cdf25bba659" CLIENT-IP="64.236.201.34:64512" X-SITE-DEPLOYMENT-ID="diabetes-predictor-ai" WAS-DEFAULT-HOSTNAME="diabetes-predictor-ai.scm.azurewebsites.net" X-Forwarded-Proto="https" X-AppService-Proto="https" X-Forwarded-TlsVersion="1.3" X-WAWS-Unencoded-URL="/api/zipdeploy?isAsync=true&amp;deployer=GITHUB_ZIP_DEPLOY&amp;message=%7B%22type%22%3A%22deployment%22%2C%22sha%22%3A%2286e006aa2b629b6ce74f2602b0c0ed143b424686%22%2C%22repoName%22%3A%22Naveenkumar-2007%2FDaibetes%22%2C%22actor%22%3A%22Naveenkumar-2007%22%2C%22slotName%22%3A%22production%22%2C%22commitMessage%22%3A%22feat%3A%20Advanced%20mobile-first%20responsive%20redesign%20with%20professional%20UI%5Cn%5CnComplete%20UI%2FUX%20overhaul%20with%20modern%20design%20system%3A%5Cn%5CnDashboard%20Improvements%3A%5Cn-%20Created%20responsive_dashboard.css%20with%20comprehensive%20mobile-first%20design%5Cn-%20Redesigned%20user_dashboard.html%20with%20hamburger%20menu%20navigation%5Cn-%20Implemented%20sliding%20sidebar%20with%20smooth%20animations%5Cn-%20Added%20mobile%20header%20with%20sticky%20positioning%5Cn-%20Created%20touch-optimized%20buttons%20(minimum%2048px%20targets)%5Cn-%20Designed%20responsive%20stats%20grid%20(124%20columns)%5Cn-%20Built%20action%20cards%20with%20clear%20CTAs%5Cn-%20Improved%20table%20layout%20with%20horizontal%20scroll%5Cn%5CnMobile%20Features%3A%5Cn-%20Hamburger%20menu%20with%20slide-in%20animation%5Cn-%20Mobile%20overlay%20for%20sidebar%20backdrop%5Cn-%20Touch-friendly%20navigation%20items%5Cn-%20Responsive%20font%20sizes%20and%20spacing%5Cn-%20Optimized%20padding%20and%20margins%5Cn-%20Better%20icon%20sizing%20for%20mobile%5Cn-%20Improved%20button%20layouts%5Cn%5CnDesign%20System%3A%5Cn-%20CSS%20custom%20properties%20for%20consistent%20theming%5Cn-%20Mobile-first%20breakpoints%20(768px%2C%201024px%2C%201280px)%5Cn-%20Professional%20color%20palette%5Cn-%20Smooth%20transitions%20and%20anim%22%7D" X-Client-IP="64.236.201.34" X-Client-Port="64512" >
  <step title="ZipPushDeploy" date="2025-11-20T16:35:37.696" >
    <step title="ZipDeploy. Extract zip. Remote build." date="2025-11-20T16:35:37.711" /><!-- duration: 5ms -->
    <step title="Starting PushDeployAsync" date="2025-11-20T16:35:37.953" /><!-- duration: 20ms -->
    <step title="Writing artifact to /tmp/zipdeploy/2f3d2887-bbe5-4571-90aa-c6fc7ca63f27.zip" date="2025-11-20T16:35:38.079" >
      <step title="Writing multipart request body to /tmp/zipdeploy/2f3d2887-bbe5-4571-90aa-c6fc7ca63f27.zip" date="2025-11-20T16:35:38.096" /><!-- duration: 27ms -->
    </step><!-- duration: 222ms -->
    <step title="Removing previous build artifact&apos;s manifest file" date="2025-11-20T16:35:38.318" >
      <step title="Start deployment in the background" date="2025-11-20T16:35:38.358" >
        <step title="Acquiring Deployment Lock" date="2025-11-20T16:35:38.507" /><!-- duration: 5ms -->
        <step title="Acquired Deployment Lock" date="2025-11-20T16:35:38.588" /><!-- duration: 19ms -->
      </step><!-- duration: 486ms -->
    </step><!-- duration: 552ms -->
    <step title="Outgoing response" date="2025-11-20T16:35:38.890" type="response" statusCode="202" statusText="Accepted" /><!-- duration: 8ms -->
  </step><!-- duration: 1207ms -->
