<step title="Incoming Request" date="2025-11-20T14:35:25.956" instance="f9df0d" url="/api/zipdeploy?isAsync=true&amp;deployer=GITHUB_ZIP_DEPLOY&amp;message=%7B%22type%22%3A%22deployment%22%2C%22sha%22%3A%220ba8c58188c0d1ed69bab02287733bff3dcb9bd7%22%2C%22repoName%22%3A%22Naveenkumar-2007%2FDaibetes%22%2C%22actor%22%3A%22Naveenkumar-2007%22%2C%22slotName%22%3A%22production%22%2C%22commitMessage%22%3A%22feat%3A%20Complete%20mobile-responsive%20redesign%20and%20IST%20timezone%20implementation%5Cn%5Cn-%20Redesigned%20entire%20website%20with%20mobile-first%20approach%5Cn-%20Added%20responsive%20navigation%20with%20hamburger%20menu%20for%20mobile%5Cn-%20Implemented%20touch-friendly%20UI%20elements%20(48px%20minimum%20touch%20targets)%5Cn-%20Added%20zoom%20prevention%20for%20consistent%20mobile%20experience%5Cn-%20Created%20comprehensive%20mobile-first%20CSS%20(styles_mobile.css)%5Cn-%20Updated%20all%20HTML%20templates%20with%20responsive%20viewport%20settings%5Cn-%20Improved%20form%20layouts%20with%20responsive%20grid%20system%5Cn-%20Enhanced%20button%20and%20input%20styling%20for%20mobile%20devices%5Cn%5Cn-%20Implemented%20IST%20(Indian%20Standard%20Time)%20timezone%20support%5Cn-%20Added%20pytz%20timezone%20configuration%20for%20Asia%2FKolkata%5Cn-%20Updated%20all%20datetime.now()%20calls%20to%20use%20get_ist_now()%5Cn-%20Fixed%20report%20timestamps%20to%20show%20correct%20IST%20time%5Cn-%20Updated%20patient%20ID%20generation%20with%20IST%20timestamps%5Cn-%20Corrected%20all%20user%20creation%2Fupdate%20timestamps%5Cn%5CnResponsive%20breakpoints%3A%5Cn-%20Mobile%3A%20%3C768px%20(single%20column%2C%20hamburger%20menu)%5Cn-%20Tablet%3A%20768px-1023px%20(2-column%20layouts)%5Cn-%20Desktop%3A%201024p%22%7D" method="POST" type="request" pid="768,1,26" Host="diabetes-predictor-ai.scm.azurewebsites.net" User-Agent="GITHUBACTIONS_DeployWebAppToAzure_5505dfba186e02ad317b13a393566e5946ff29c53190c5b1b5b3d4d1537ce5ab" Authorization="Bea..." Content-Type="application/octet-stream" Cookie="ARRAffinity=f9df0d7fb514de16eb0635756b937f662826e4dd1f31967a1dd4266cb436e6f5;Path=/;HttpOnly;Secure;Domain=diabetes-predictor-ai.scm.azurewebsites.net; ARRAffinitySameSite=f9df0d7fb514de16eb0635756b937f662826e4dd1f31967a1dd4266cb436e6f5;Path=/;HttpOnly;SameSite=None;Secure;Domain=diabetes-predictor-ai.scm.azurewebsites.net" Transfer-Encoding="chunked" X-ARR-LOG-ID="81c4eeeb-3453-402b-938f-ed5431d520fe" CLIENT-IP="135.232.200.65:8192" X-SITE-DEPLOYMENT-ID="diabetes-predictor-ai" WAS-DEFAULT-HOSTNAME="diabetes-predictor-ai.scm.azurewebsites.net" X-Forwarded-Proto="https" X-AppService-Proto="https" X-Forwarded-TlsVersion="1.3" X-WAWS-Unencoded-URL="/api/zipdeploy?isAsync=true&amp;deployer=GITHUB_ZIP_DEPLOY&amp;message=%7B%22type%22%3A%22deployment%22%2C%22sha%22%3A%220ba8c58188c0d1ed69bab02287733bff3dcb9bd7%22%2C%22repoName%22%3A%22Naveenkumar-2007%2FDaibetes%22%2C%22actor%22%3A%22Naveenkumar-2007%22%2C%22slotName%22%3A%22production%22%2C%22commitMessage%22%3A%22feat%3A%20Complete%20mobile-responsive%20redesign%20and%20IST%20timezone%20implementation%5Cn%5Cn-%20Redesigned%20entire%20website%20with%20mobile-first%20approach%5Cn-%20Added%20responsive%20navigation%20with%20hamburger%20menu%20for%20mobile%5Cn-%20Implemented%20touch-friendly%20UI%20elements%20(48px%20minimum%20touch%20targets)%5Cn-%20Added%20zoom%20prevention%20for%20consistent%20mobile%20experience%5Cn-%20Created%20comprehensive%20mobile-first%20CSS%20(styles_mobile.css)%5Cn-%20Updated%20all%20HTML%20templates%20with%20responsive%20viewport%20settings%5Cn-%20Improved%20form%20layouts%20with%20responsive%20grid%20system%5Cn-%20Enhanced%20button%20and%20input%20styling%20for%20mobile%20devices%5Cn%5Cn-%20Implemented%20IST%20(Indian%20Standard%20Time)%20timezone%20support%5Cn-%20Added%20pytz%20timezone%20configuration%20for%20Asia%2FKolkata%5Cn-%20Updated%20all%20datetime.now()%20calls%20to%20use%20get_ist_now()%5Cn-%20Fixed%20report%20timestamps%20to%20show%20correct%20IST%20time%5Cn-%20Updated%20patient%20ID%20generation%20with%20IST%20timestamps%5Cn-%20Corrected%20all%20user%20creation%2Fupdate%20timestamps%5Cn%5CnResponsive%20breakpoints%3A%5Cn-%20Mobile%3A%20%3C768px%20(single%20column%2C%20hamburger%20menu)%5Cn-%20Tablet%3A%20768px-1023px%20(2-column%20layouts)%5Cn-%20Desktop%3A%201024p%22%7D" X-Client-IP="135.232.200.65" X-Client-Port="8192" >
  <step title="ZipPushDeploy" date="2025-11-20T14:35:26.242" >
    <step title="ZipDeploy. Extract zip. Remote build." date="2025-11-20T14:35:26.260" /><!-- duration: 10ms -->
    <step title="Starting PushDeployAsync" date="2025-11-20T14:35:26.290" /><!-- duration: 10ms -->
    <step title="Writing artifact to /tmp/zipdeploy/663bb865-0bc2-4352-9c54-9d9d63fcb4a2.zip" date="2025-11-20T14:35:26.326" >
      <step title="Writing multipart request body to /tmp/zipdeploy/663bb865-0bc2-4352-9c54-9d9d63fcb4a2.zip" date="2025-11-20T14:35:26.364" /><!-- duration: 18ms -->
    </step><!-- duration: 839ms -->
    <step title="Removing previous build artifact&apos;s manifest file" date="2025-11-20T14:35:27.183" >
      <step title="Start deployment in the background" date="2025-11-20T14:35:27.343" >
        <step title="Acquiring Deployment Lock" date="2025-11-20T14:35:27.364" /><!-- duration: 4ms -->
        <step title="Acquired Deployment Lock" date="2025-11-20T14:35:27.404" /><!-- duration: 9ms -->
      </step><!-- duration: 171ms -->
    </step><!-- duration: 347ms -->
    <step title="Outgoing response" date="2025-11-20T14:35:27.536" type="response" statusCode="202" statusText="Accepted" /><!-- duration: 5ms -->
  </step><!-- duration: 1304ms -->
