﻿<?xml version="1.0" encoding="utf-8"?>
<deployment>
  <id>49cf50a4-b848-427f-a0a7-cabbe18a845d</id>
  <author>N/A</author>
  <deployer>Push-Deployer</deployer>
  <authorEmail>N/A</authorEmail>
  <message>Created via a push deployment</message>
  <progress></progress>
  <status>Success</status>
  <statusText></statusText>
  <lastSuccessEndTime>2025-11-27T19:00:28.1820438Z</lastSuccessEndTime>
  <receivedTime>2025-11-27T19:00:07.760333Z</receivedTime>
  <startTime>2025-11-27T19:00:09.5098961Z</startTime>
  <endTime>2025-11-27T19:00:28.1820438Z</endTime>
  <complete>True</complete>
  <is_temp>False</is_temp>
  <is_readonly>True</is_readonly>
  <buildSummary />
</deployment>