﻿<?xml version="1.0" encoding="utf-8"?>
<deployment>
  <id>e52ca3a1-c4fb-4d68-befc-76211cbbe43e</id>
  <author>N/A</author>
  <deployer>Push-Deployer</deployer>
  <authorEmail>N/A</authorEmail>
  <message>Created via a push deployment</message>
  <progress></progress>
  <status>Success</status>
  <statusText></statusText>
  <lastSuccessEndTime>2025-11-23T14:46:41.8047494Z</lastSuccessEndTime>
  <receivedTime>2025-11-23T14:31:36.0967788Z</receivedTime>
  <startTime>2025-11-23T14:31:37.5811496Z</startTime>
  <endTime>2025-11-23T14:46:41.8047494Z</endTime>
  <complete>True</complete>
  <is_temp>False</is_temp>
  <is_readonly>True</is_readonly>
  <buildSummary />
</deployment>