<step title="Incoming Request" date="2025-11-20T14:39:21.839" instance="f9df0d" url="/api/deployments/latest?deployer=GITHUB_ZIP_DEPLOY&amp;time=2025-11-20_14-35-27Z" method="GET" type="request" pid="768,1,5" Host="diabetes-predictor-ai.scm.azurewebsites.net" User-Agent="GITHUBACTIONS_DeployWebAppToAzure_5505dfba186e02ad317b13a393566e5946ff29c53190c5b1b5b3d4d1537ce5ab" Authorization="Bea..." Content-Type="application/json; charset=utf-8" Cookie="ARRAffinity=f9df0d7fb514de16eb0635756b937f662826e4dd1f31967a1dd4266cb436e6f5;Path=/;HttpOnly;Secure;Domain=diabetes-predictor-ai.scm.azurewebsites.net; ARRAffinitySameSite=f9df0d7fb514de16eb0635756b937f662826e4dd1f31967a1dd4266cb436e6f5;Path=/;HttpOnly;SameSite=None;Secure;Domain=diabetes-predictor-ai.scm.azurewebsites.net" Content-Length="0" X-ARR-LOG-ID="8629fd46-7656-4118-8fb4-38f21c9a3cfb" CLIENT-IP="135.232.200.65:8192" X-SITE-DEPLOYMENT-ID="diabetes-predictor-ai" WAS-DEFAULT-HOSTNAME="diabetes-predictor-ai.scm.azurewebsites.net" X-Forwarded-Proto="https" X-AppService-Proto="https" X-Forwarded-TlsVersion="1.3" X-WAWS-Unencoded-URL="/api/deployments/latest?deployer=GITHUB_ZIP_DEPLOY&amp;time=2025-11-20_14-35-27Z" X-Client-IP="135.232.200.65" X-Client-Port="8192" >
  <step title="Cleanup Xml Logs" date="2025-11-20T14:39:21.858" >
    <step title="Cleanup Infos" date="2025-11-20T14:39:21.899" totalFiles="324" totalCleanup="164" /><!-- duration: 29ms -->
  </step><!-- duration: 86ms -->
  <step title="DeploymentService.GetResult" date="2025-11-20T14:39:21.975" >
    <step title="DeploymentService.GetLatestDeployment" date="2025-11-20T14:39:21.993" >
      <step title="DeploymentManager.GetResults" date="2025-11-20T14:39:22.013" /><!-- duration: 635ms -->
    </step><!-- duration: 671ms -->
  </step><!-- duration: 702ms -->
  <step title="Outgoing response" date="2025-11-20T14:39:22.696" type="response" statusCode="202" statusText="Accepted" /><!-- duration: 17ms -->
</step><!-- duration: 886ms -->
