<step title="Incoming Request" date="2025-11-20T16:40:13.252" instance="f9df0d" url="/api/deployments/latest?deployer=GITHUB_ZIP_DEPLOY&amp;time=2025-11-20_16-35-38Z" method="GET" type="request" pid="768,1,21" Host="diabetes-predictor-ai.scm.azurewebsites.net" User-Agent="GITHUBACTIONS_DeployWebAppToAzure_5505dfba186e02ad317b13a393566e5946ff29c53190c5b1b5b3d4d1537ce5ab" Authorization="Bea..." Content-Type="application/json; charset=utf-8" Cookie="ARRAffinity=f9df0d7fb514de16eb0635756b937f662826e4dd1f31967a1dd4266cb436e6f5;Path=/;HttpOnly;Secure;Domain=diabetes-predictor-ai.scm.azurewebsites.net; ARRAffinitySameSite=f9df0d7fb514de16eb0635756b937f662826e4dd1f31967a1dd4266cb436e6f5;Path=/;HttpOnly;SameSite=None;Secure;Domain=diabetes-predictor-ai.scm.azurewebsites.net" Content-Length="0" X-ARR-LOG-ID="8590da2c-3d7e-4c16-b2e4-3e584b0ff803" CLIENT-IP="64.236.201.34:64512" X-SITE-DEPLOYMENT-ID="diabetes-predictor-ai" WAS-DEFAULT-HOSTNAME="diabetes-predictor-ai.scm.azurewebsites.net" X-Forwarded-Proto="https" X-AppService-Proto="https" X-Forwarded-TlsVersion="1.3" X-WAWS-Unencoded-URL="/api/deployments/latest?deployer=GITHUB_ZIP_DEPLOY&amp;time=2025-11-20_16-35-38Z" X-Client-IP="64.236.201.34" X-Client-Port="64512" >
  <step title="Cleanup Xml Logs" date="2025-11-20T16:40:13.263" >
    <step title="Cleanup Infos" date="2025-11-20T16:40:13.310" totalFiles="464" totalCleanup="304" /><!-- duration: 30ms -->
  </step><!-- duration: 101ms -->
  <step title="DeploymentService.GetResult" date="2025-11-20T16:40:13.389" >
    <step title="DeploymentService.GetLatestDeployment" date="2025-11-20T16:40:13.400" >
      <step title="DeploymentManager.GetResults" date="2025-11-20T16:40:13.410" /><!-- duration: 647ms -->
    </step><!-- duration: 675ms -->
  </step><!-- duration: 697ms -->
  <step title="Outgoing response" date="2025-11-20T16:40:14.114" type="response" statusCode="202" statusText="Accepted" /><!-- duration: 11ms -->
</step><!-- duration: 885ms -->
