<step title="BackgroundTrace" date="2025-11-20T13:45:52.618" instance="f9df0d" url="/api/zipdeploy" method="POST" >
  <step title="Creating temporary deployment - FetchDeploymentManager" date="2025-11-20T13:45:52.685" /><!-- duration: 3ms -->
  <step title="Creating temporary deployment" date="2025-11-20T13:45:52.694" /><!-- duration: 88ms -->
  <step title="Performing fetch based deployment" date="2025-11-20T13:45:52.829" >
    <step title="Cleaning up temp folders from previous zip deployments and extracting pushed zip file /tmp/zipdeploy/dd28af50-bc1c-41ee-bcbb-eee12115f71e.zip (1.61 MB) to /tmp/zipdeploy/extracted" date="2025-11-20T13:45:54.014" >
      <step title="ChmodRecursive Process exited with total time taken in ms: 165" date="2025-11-20T13:45:54.595" /><!-- duration: 7ms -->
    </step><!-- duration: 595ms -->
    <step title="Deployment timer started" date="2025-11-20T13:45:56.648" >
      <step title="DeploymentManager.Deploy(id:0ab69864-e4ff-4e49-bb2d-f7f7bde0b508)" date="2025-11-20T13:45:56.679" >
        <step title="Collecting changeset information" date="2025-11-20T13:45:56.765" /><!-- duration: 167ms -->
        <step title="Updating submodules" date="2025-11-20T13:45:56.941" /><!-- duration: 1162ms -->
        <step title="Determining deployment builder" date="2025-11-20T13:45:58.381" >
          <step title="Builder is OryxBuilder" date="2025-11-20T13:45:58.422" /><!-- duration: 33ms -->
        </step><!-- duration: 79ms -->
        <step title="PreDeployment: context.CleanOutputPath False" date="2025-11-20T13:45:58.518" >
          <step title="PreDeployment: context.OutputPath /home/site/wwwroot" date="2025-11-20T13:45:58.659" >
            <step title="Building" date="2025-11-20T13:45:58.837" >
              <step title="Executing external process" date="2025-11-20T13:45:59.251" type="process" path="bash" arguments="-c &quot;oryx build /tmp/zipdeploy/extracted -o /home/site/wwwroot --platform python --platform-version 3.12 -p virtualenv_name=antenv --log-file /tmp/build-debug.log  -i /tmp/8de283b22c43cdc --compress-destination-dir | tee /tmp/oryx-build.log ; exit $PIPESTATUS &quot;" >
                <step title="Cpu: python(1842,26.480s)+ts(1843,0.190s)+build.sh(1841,0.000s)+build.sh(1840,0.000s)+build.sh(1757,0.080s)+oryx(1735,5.060s)+tee(1736,0.000s)+bash(1734,0.000s)=total(31.800s)" date="2025-11-20T13:47:27.670" /><!-- duration: 99ms -->
                <step title="bash: no io activity for 60s, prev-cpu=-1.000s, current-cpu=31.800s" date="2025-11-20T13:47:27.876" /><!-- duration: 48ms -->
                <step title="Cpu: python(1842,55.610s)+ts(1843,0.290s)+build.sh(1841,0.000s)+build.sh(1840,0.000s)+build.sh(1757,0.090s)+oryx(1735,5.210s)+tee(1736,0.000s)+bash(1734,0.000s)=total(61.190s)" date="2025-11-20T13:48:28.329" /><!-- duration: 27ms -->
                <step title="bash: no io activity for 121s, prev-cpu=31.800s, current-cpu=61.190s" date="2025-11-20T13:48:28.377" /><!-- duration: 47ms -->
                <step title="Cpu: python(1842,98.500s)+ts(1843,0.290s)+build.sh(1841,0.000s)+build.sh(1840,0.000s)+build.sh(1757,0.090s)+oryx(1735,5.300s)+tee(1736,0.000s)+bash(1734,0.000s)=total(104.140s)" date="2025-11-20T13:49:28.800" /><!-- duration: 37ms -->
                <step title="bash: no io activity for 181s, prev-cpu=61.190s, current-cpu=104.140s" date="2025-11-20T13:49:28.856" /><!-- duration: 16ms -->
                <step title="Cpu: python(1842,137.600s)+ts(1843,0.290s)+build.sh(1841,0.000s)+build.sh(1840,0.000s)+build.sh(1757,0.090s)+oryx(1735,5.360s)+tee(1736,0.000s)+bash(1734,0.000s)=total(143.320s)" date="2025-11-20T13:50:29.283" /><!-- duration: 28ms -->
                <step title="bash: no io activity for 242s, prev-cpu=104.140s, current-cpu=143.320s" date="2025-11-20T13:50:29.332" /><!-- duration: 19ms -->
                <step title="Cpu: python(1842,179.380s)+ts(1843,0.290s)+build.sh(1841,0.000s)+build.sh(1840,0.000s)+build.sh(1757,0.090s)+oryx(1735,5.460s)+tee(1736,0.000s)+bash(1734,0.000s)=total(185.210s)" date="2025-11-20T13:51:29.725" /><!-- duration: 21ms -->
                <step title="bash: no io activity for 302s, prev-cpu=143.320s, current-cpu=185.210s" date="2025-11-20T13:51:29.764" /><!-- duration: 11ms -->
                <step title="Cpu: python(1842,211.790s)+ts(1843,0.290s)+build.sh(1841,0.000s)+build.sh(1840,0.000s)+build.sh(1757,0.090s)+oryx(1735,5.550s)+tee(1736,0.000s)+bash(1734,0.000s)=total(217.720s)" date="2025-11-20T13:52:30.602" /><!-- duration: 20ms -->
                <step title="bash: no io activity for 363s, prev-cpu=185.210s, current-cpu=217.720s" date="2025-11-20T13:52:30.778" /><!-- duration: 106ms -->
                <step title="Cpu: rsync(1991,12.480s)+rsync(1990,1.500s)+rsync(1989,9.650s)+build.sh(1757,0.110s)+oryx(1735,6.030s)+tee(1736,0.000s)+bash(1734,0.000s)=total(29.770s)" date="2025-11-20T13:54:25.603" /><!-- duration: 18ms -->
                <step title="bash: no io activity for 60s, prev-cpu=-1.000s, current-cpu=29.770s" date="2025-11-20T13:54:25.651" /><!-- duration: 22ms -->
                <step title="Cpu: gzip(2032,38.700s)+sh(2030,0.000s)+tar(2029,2.270s)+build.sh(1757,0.110s)+oryx(1735,6.150s)+tee(1736,0.000s)+bash(1734,0.000s)=total(47.220s)" date="2025-11-20T13:55:57.037" /><!-- duration: 29ms -->
                <step title="bash: no io activity for 61s, prev-cpu=-1.000s, current-cpu=47.220s" date="2025-11-20T13:55:57.077" /><!-- duration: 37ms -->
                <step title="Cpu: gzip(2032,79.960s)+sh(2030,0.000s)+tar(2029,3.430s)+build.sh(1757,0.110s)+oryx(1735,6.210s)+tee(1736,0.000s)+bash(1734,0.000s)=total(89.710s)" date="2025-11-20T13:56:57.369" /><!-- duration: 10ms -->
                <step title="bash: no io activity for 121s, prev-cpu=47.220s, current-cpu=89.710s" date="2025-11-20T13:56:57.397" /><!-- duration: 13ms -->
                <step title="Cpu: gzip(2032,103.470s)+sh(2030,0.000s)+tar(2029,3.960s)+build.sh(1757,0.110s)+oryx(1735,6.220s)+tee(1736,0.000s)+bash(1734,0.000s)=total(113.750s)" date="2025-11-20T13:57:57.915" /><!-- duration: 10ms -->
                <step title="bash: no io activity for 182s, prev-cpu=89.710s, current-cpu=113.750s" date="2025-11-20T13:57:57.943" /><!-- duration: 21ms -->
                <step title="Cpu: gzip(2032,142.140s)+sh(2030,0.000s)+tar(2029,7.930s)+build.sh(1757,0.110s)+oryx(1735,6.230s)+tee(1736,0.000s)+bash(1734,0.000s)=total(156.400s)" date="2025-11-20T13:58:58.202" /><!-- duration: 21ms -->
                <step title="bash: no io activity for 242s, prev-cpu=113.750s, current-cpu=156.400s" date="2025-11-20T13:58:58.259" /><!-- duration: 41ms -->
                <step title="Cpu: gzip(2032,182.700s)+sh(2030,0.000s)+tar(2029,11.170s)+build.sh(1757,0.110s)+oryx(1735,6.240s)+tee(1736,0.000s)+bash(1734,0.000s)=total(200.220s)" date="2025-11-20T13:59:58.553" /><!-- duration: 14ms -->
                <step title="bash: no io activity for 302s, prev-cpu=156.400s, current-cpu=200.220s" date="2025-11-20T13:59:58.582" /><!-- duration: 22ms -->
                <step title="Cpu: gzip(2032,217.790s)+sh(2030,0.000s)+tar(2029,14.920s)+build.sh(1757,0.110s)+oryx(1735,6.290s)+tee(1736,0.000s)+bash(1734,0.000s)=total(239.110s)" date="2025-11-20T14:00:58.916" /><!-- duration: 28ms -->
                <step title="bash: no io activity for 363s, prev-cpu=200.220s, current-cpu=239.110s" date="2025-11-20T14:00:58.955" /><!-- duration: 26ms -->
              </step><!-- duration: 908601ms -->
              <step title="Using PythonDeploymentLogParser" date="2025-11-20T14:01:09.028" /><!-- duration: 8ms -->
              <step title="Triggering recycle (preview mode disabled)." date="2025-11-20T14:01:10.522" /><!-- duration: 7ms -->
              <step title="Modified file to trigger a restart of the app container." date="2025-11-20T14:01:10.570" /><!-- duration: 6ms -->
              <step title="Skip function trigger and logicapp sync because function is not enabled." date="2025-11-20T14:01:10.599" /><!-- duration: 5ms -->
            </step><!-- duration: 912751ms -->
          </step><!-- duration: 912942ms -->
          <step title="Cleaning up temp files" date="2025-11-20T14:01:11.605" /><!-- duration: 14646ms -->
          <step title="Cleaning up temp files" date="2025-11-20T14:01:26.261" /><!-- duration: 509ms -->
          <step title="Reloading status file with latest updates" date="2025-11-20T14:01:26.805" >
            <step title="WebHooksManager.PublishEventAsync: PostDeployment" date="2025-11-20T14:01:26.811" /><!-- duration: 56ms -->
          </step><!-- duration: 70ms -->
          <step title="Cleaning up temporary deployment - fetch deployment was successful" date="2025-11-20T14:01:26.887" /><!-- duration: 4ms -->
        </step><!-- duration: 928454ms -->
      </step><!-- duration: 930332ms -->
