<step title="Incoming Request" date="2025-11-20T14:43:36.128" instance="f9df0d" url="/api/deployments/latest?deployer=GITHUB_ZIP_DEPLOY&amp;time=2025-11-20_14-35-27Z" method="GET" type="request" pid="768,1,5" Host="diabetes-predictor-ai.scm.azurewebsites.net" User-Agent="GITHUBACTIONS_DeployWebAppToAzure_5505dfba186e02ad317b13a393566e5946ff29c53190c5b1b5b3d4d1537ce5ab" Authorization="Bea..." Content-Type="application/json; charset=utf-8" Cookie="ARRAffinity=f9df0d7fb514de16eb0635756b937f662826e4dd1f31967a1dd4266cb436e6f5;Path=/;HttpOnly;Secure;Domain=diabetes-predictor-ai.scm.azurewebsites.net; ARRAffinitySameSite=f9df0d7fb514de16eb0635756b937f662826e4dd1f31967a1dd4266cb436e6f5;Path=/;HttpOnly;SameSite=None;Secure;Domain=diabetes-predictor-ai.scm.azurewebsites.net" Content-Length="0" X-ARR-LOG-ID="d8a7602b-5fbc-4637-b11b-1ed7bc760270" CLIENT-IP="135.232.200.65:8194" X-SITE-DEPLOYMENT-ID="diabetes-predictor-ai" WAS-DEFAULT-HOSTNAME="diabetes-predictor-ai.scm.azurewebsites.net" X-Forwarded-Proto="https" X-AppService-Proto="https" X-Forwarded-TlsVersion="1.3" X-WAWS-Unencoded-URL="/api/deployments/latest?deployer=GITHUB_ZIP_DEPLOY&amp;time=2025-11-20_14-35-27Z" X-Client-IP="135.232.200.65" X-Client-Port="8194" >
  <step title="Cleanup Xml Logs" date="2025-11-20T14:43:36.167" >
    <step title="Cleanup Infos" date="2025-11-20T14:43:36.234" totalFiles="359" totalCleanup="199" /><!-- duration: 20ms -->
  </step><!-- duration: 96ms -->
  <step title="DeploymentService.GetResult" date="2025-11-20T14:43:36.331" >
    <step title="DeploymentService.GetLatestDeployment" date="2025-11-20T14:43:36.350" >
      <step title="DeploymentManager.GetResults" date="2025-11-20T14:43:36.361" /><!-- duration: 547ms -->
    </step><!-- duration: 575ms -->
  </step><!-- duration: 620ms -->
  <step title="Outgoing response" date="2025-11-20T14:43:36.972" type="response" statusCode="202" statusText="Accepted" /><!-- duration: 27ms -->
</step><!-- duration: 892ms -->
