﻿<?xml version="1.0" encoding="utf-8"?>
<deployment>
  <id>3fe38baf-c892-40a0-86ef-f520d55b6eaf</id>
  <author>N/A</author>
  <deployer>Push-Deployer</deployer>
  <authorEmail>N/A</authorEmail>
  <message>Created via a push deployment</message>
  <progress></progress>
  <status>Success</status>
  <statusText></statusText>
  <lastSuccessEndTime>2025-11-23T12:56:05.4515793Z</lastSuccessEndTime>
  <receivedTime>2025-11-23T12:41:05.1906645Z</receivedTime>
  <startTime>2025-11-23T12:41:07.3836713Z</startTime>
  <endTime>2025-11-23T12:56:05.4515793Z</endTime>
  <complete>True</complete>
  <is_temp>False</is_temp>
  <is_readonly>True</is_readonly>
  <buildSummary />
</deployment>