﻿<?xml version="1.0" encoding="utf-8"?>
<deployment>
  <id>d67209ee-c90b-4010-b246-627b924ed4e6</id>
  <author>N/A</author>
  <deployer>Push-Deployer</deployer>
  <authorEmail>N/A</authorEmail>
  <message>Created via a push deployment</message>
  <progress></progress>
  <status>Success</status>
  <statusText></statusText>
  <lastSuccessEndTime>2025-11-28T11:45:07.8995484Z</lastSuccessEndTime>
  <receivedTime>2025-11-28T11:44:56.3310677Z</receivedTime>
  <startTime>2025-11-28T11:44:58.0205261Z</startTime>
  <endTime>2025-11-28T11:45:07.8995484Z</endTime>
  <complete>True</complete>
  <is_temp>False</is_temp>
  <is_readonly>True</is_readonly>
  <buildSummary />
</deployment>