﻿<?xml version="1.0" encoding="utf-8"?>
<deployment>
  <id>35d2f26b-0292-4156-b6fb-947dbfb1904e</id>
  <author>N/A</author>
  <deployer>Push-Deployer</deployer>
  <authorEmail>N/A</authorEmail>
  <message>Created via a push deployment</message>
  <progress></progress>
  <status>Success</status>
  <statusText></statusText>
  <lastSuccessEndTime>2025-11-28T11:23:30.7748855Z</lastSuccessEndTime>
  <receivedTime>2025-11-28T11:23:22.4519752Z</receivedTime>
  <startTime>2025-11-28T11:23:23.8128846Z</startTime>
  <endTime>2025-11-28T11:23:30.7748855Z</endTime>
  <complete>True</complete>
  <is_temp>False</is_temp>
  <is_readonly>True</is_readonly>
  <buildSummary />
</deployment>