﻿<?xml version="1.0" encoding="utf-8"?>
<deployment>
  <id>d21ec26a-c525-44fb-b694-db1fb893e93e</id>
  <author>N/A</author>
  <deployer>OneDeploy</deployer>
  <authorEmail>N/A</authorEmail>
  <message>OneDeploy</message>
  <progress></progress>
  <status>Success</status>
  <statusText></statusText>
  <lastSuccessEndTime>2025-11-23T12:35:51.2034673Z</lastSuccessEndTime>
  <receivedTime>2025-11-23T12:22:41.0275132Z</receivedTime>
  <startTime>2025-11-23T12:22:43.6214356Z</startTime>
  <endTime>2025-11-23T12:35:51.2034673Z</endTime>
  <complete>True</complete>
  <is_temp>False</is_temp>
  <is_readonly>True</is_readonly>
  <buildSummary />
</deployment>