﻿<?xml version="1.0" encoding="utf-8"?>
<deployment>
  <id>299a9baf-cb0c-418a-905b-a5314e68b2ee</id>
  <author>N/A</author>
  <deployer>OneDeploy</deployer>
  <authorEmail>N/A</authorEmail>
  <message>OneDeploy</message>
  <progress>Running oryx build...</progress>
  <status>Building</status>
  <statusText>Building and Deploying '299a9baf-cb0c-418a-905b-a5314e68b2ee'.</statusText>
  <lastSuccessEndTime />
  <receivedTime>2025-11-23T18:14:46.3126882Z</receivedTime>
  <startTime>2025-11-23T18:14:48.3626668Z</startTime>
  <endTime />
  <complete>False</complete>
  <is_temp>False</is_temp>
  <is_readonly>True</is_readonly>
  <buildSummary />
</deployment>