<step title="Incoming Request" date="2025-11-20T14:37:42.465" instance="f9df0d" url="/api/deployments/latest?deployer=GITHUB_ZIP_DEPLOY&amp;time=2025-11-20_14-35-27Z" method="GET" type="request" pid="768,1,5" Host="diabetes-predictor-ai.scm.azurewebsites.net" User-Agent="GITHUBACTIONS_DeployWebAppToAzure_5505dfba186e02ad317b13a393566e5946ff29c53190c5b1b5b3d4d1537ce5ab" Authorization="Bea..." Content-Type="application/json; charset=utf-8" Cookie="ARRAffinity=f9df0d7fb514de16eb0635756b937f662826e4dd1f31967a1dd4266cb436e6f5;Path=/;HttpOnly;Secure;Domain=diabetes-predictor-ai.scm.azurewebsites.net; ARRAffinitySameSite=f9df0d7fb514de16eb0635756b937f662826e4dd1f31967a1dd4266cb436e6f5;Path=/;HttpOnly;SameSite=None;Secure;Domain=diabetes-predictor-ai.scm.azurewebsites.net" Content-Length="0" X-ARR-LOG-ID="e0c3b9e8-1090-4879-b8e4-ea577d049292" CLIENT-IP="135.232.200.65:8192" X-SITE-DEPLOYMENT-ID="diabetes-predictor-ai" WAS-DEFAULT-HOSTNAME="diabetes-predictor-ai.scm.azurewebsites.net" X-Forwarded-Proto="https" X-AppService-Proto="https" X-Forwarded-TlsVersion="1.3" X-WAWS-Unencoded-URL="/api/deployments/latest?deployer=GITHUB_ZIP_DEPLOY&amp;time=2025-11-20_14-35-27Z" X-Client-IP="135.232.200.65" X-Client-Port="8192" >
  <step title="Cleanup Xml Logs" date="2025-11-20T14:37:42.484" >
    <step title="Cleanup Infos" date="2025-11-20T14:37:42.601" totalFiles="310" totalCleanup="150" /><!-- duration: 12ms -->
  </step><!-- duration: 147ms -->
  <step title="DeploymentService.GetResult" date="2025-11-20T14:37:42.658" >
    <step title="DeploymentService.GetLatestDeployment" date="2025-11-20T14:37:42.668" >
      <step title="DeploymentManager.GetResults" date="2025-11-20T14:37:42.699" /><!-- duration: 717ms -->
    </step><!-- duration: 770ms -->
  </step><!-- duration: 790ms -->
  <step title="Outgoing response" date="2025-11-20T14:37:43.465" type="response" statusCode="202" statusText="Accepted" /><!-- duration: 19ms -->
</step><!-- duration: 1031ms -->
