<step title="Incoming Request" date="2025-11-20T05:06:57.228" instance="f9df0d" url="/api/zipdeploy?isAsync=true" method="POST" type="request" pid="770,1,21" Accept="*/*" Host="diabetes-predictor-ai.scm.azurewebsites.net" User-Agent="AZURECLI/2.77.0 (MSI)" Accept-Encoding="gzip, deflate" Authorization="Bea..." Cache-Control="no-cache" Content-Type="application/octet-stream" Content-Length="2870573" x-ms-client-request-id="a988c924-c5ce-11f0-a40d-94bb4333034a" x-ms-artifact-checksum="1386436e287c2baf5f37cdb9295e92ac232aae8acedc1ec6121e2dcfcc03b349" X-ARR-LOG-ID="a988c924-c5ce-11f0-a40d-94bb4333034a" CLIENT-IP="157.51.145.123:62829" X-SITE-DEPLOYMENT-ID="diabetes-predictor-ai" WAS-DEFAULT-HOSTNAME="diabetes-predictor-ai.scm.azurewebsites.net" X-Forwarded-Proto="https" X-AppService-Proto="https" X-Forwarded-TlsVersion="1.3" X-WAWS-Unencoded-URL="/api/zipdeploy?isAsync=true" X-Client-IP="157.51.145.123" X-Client-Port="62829" >
  <step title="Cleanup Xml Logs" date="2025-11-20T05:06:57.239" /><!-- duration: 37ms -->
  <step title="ZipPushDeploy" date="2025-11-20T05:06:58.587" >
    <step title="ZipDeploy. Extract zip. Remote build." date="2025-11-20T05:06:58.639" /><!-- duration: 16ms -->
    <step title="Starting PushDeployAsync" date="2025-11-20T05:06:58.676" /><!-- duration: 18ms -->
    <step title="Writing artifact to /tmp/zipdeploy/9557d20c-7abf-4d93-af71-ea44b8487082.zip" date="2025-11-20T05:06:58.736" >
      <step title="Writing multipart request body to /tmp/zipdeploy/9557d20c-7abf-4d93-af71-ea44b8487082.zip" date="2025-11-20T05:06:58.755" /><!-- duration: 26ms -->
    </step><!-- duration: 10083ms -->
    <step title="Start deployment in the background" date="2025-11-20T05:07:08.893" >
      <step title="Acquiring Deployment Lock" date="2025-11-20T05:07:09.210" /><!-- duration: 44ms -->
      <step title="Acquired Deployment Lock" date="2025-11-20T05:07:09.620" /><!-- duration: 133ms -->
    </step><!-- duration: 1507ms -->
  </step><!-- duration: 12004ms -->
  <step title="Outgoing response" date="2025-11-20T05:07:10.825" type="response" statusCode="202" statusText="Accepted" /><!-- duration: 17ms -->
</step><!-- duration: 13625ms -->
