<step title="Incoming Request" date="2025-11-20T13:57:26.381" instance="f9df0d" url="/api/deployments/latest?deployer=GITHUB_ZIP_DEPLOY&amp;time=2025-11-20_13-45-52Z" method="GET" type="request" pid="768,1,33" Host="diabetes-predictor-ai.scm.azurewebsites.net" User-Agent="GITHUBACTIONS_DeployWebAppToAzure_5505dfba186e02ad317b13a393566e5946ff29c53190c5b1b5b3d4d1537ce5ab" Authorization="Bea..." Content-Type="application/json; charset=utf-8" Cookie="ARRAffinity=f9df0d7fb514de16eb0635756b937f662826e4dd1f31967a1dd4266cb436e6f5;Path=/;HttpOnly;Secure;Domain=diabetes-predictor-ai.scm.azurewebsites.net; ARRAffinitySameSite=f9df0d7fb514de16eb0635756b937f662826e4dd1f31967a1dd4266cb436e6f5;Path=/;HttpOnly;SameSite=None;Secure;Domain=diabetes-predictor-ai.scm.azurewebsites.net" Content-Length="0" X-ARR-LOG-ID="ec240b4a-47f5-46a6-b259-2ef5b9aad062" CLIENT-IP="64.236.134.33:20420" X-SITE-DEPLOYMENT-ID="diabetes-predictor-ai" WAS-DEFAULT-HOSTNAME="diabetes-predictor-ai.scm.azurewebsites.net" X-Forwarded-Proto="https" X-AppService-Proto="https" X-Forwarded-TlsVersion="1.3" X-WAWS-Unencoded-URL="/api/deployments/latest?deployer=GITHUB_ZIP_DEPLOY&amp;time=2025-11-20_13-45-52Z" X-Client-IP="64.236.134.33" X-Client-Port="20420" >
  <step title="Cleanup Xml Logs" date="2025-11-20T13:57:26.392" >
    <step title="Cleanup Infos" date="2025-11-20T13:57:26.548" totalFiles="256" totalCleanup="96" /><!-- duration: 133ms -->
  </step><!-- duration: 367ms -->
  <step title="DeploymentService.GetResult" date="2025-11-20T13:57:26.886" >
    <step title="DeploymentService.GetLatestDeployment" date="2025-11-20T13:57:26.908" >
      <step title="DeploymentManager.GetResults" date="2025-11-20T13:57:27.042" /><!-- duration: 1156ms -->
    </step><!-- duration: 1339ms -->
  </step><!-- duration: 1505ms -->
  <step title="Outgoing response" date="2025-11-20T13:57:28.469" type="response" statusCode="202" statusText="Accepted" /><!-- duration: 29ms -->
</step><!-- duration: 2127ms -->
