﻿<?xml version="1.0" encoding="utf-8"?>
<deployment>
  <id>ca19ba84-1423-4d3d-8bd2-8e4a43796452</id>
  <author>N/A</author>
  <deployer>OneDeploy</deployer>
  <authorEmail>N/A</authorEmail>
  <message>OneDeploy</message>
  <progress></progress>
  <status>Success</status>
  <statusText></statusText>
  <lastSuccessEndTime>2025-11-23T18:29:09.5451363Z</lastSuccessEndTime>
  <receivedTime>2025-11-23T18:28:59.078396Z</receivedTime>
  <startTime>2025-11-23T18:29:00.5183846Z</startTime>
  <endTime>2025-11-23T18:29:09.5451363Z</endTime>
  <complete>True</complete>
  <is_temp>False</is_temp>
  <is_readonly>True</is_readonly>
  <buildSummary />
</deployment>