﻿<?xml version="1.0" encoding="utf-8"?>
<deployment>
  <id>134e0b81-d1f8-4935-8461-9634d1308a15</id>
  <author>N/A</author>
  <deployer>Push-Deployer</deployer>
  <authorEmail>N/A</authorEmail>
  <message>Created via a push deployment</message>
  <progress></progress>
  <status>Success</status>
  <statusText></statusText>
  <lastSuccessEndTime>2025-11-27T18:22:43.7807697Z</lastSuccessEndTime>
  <receivedTime>2025-11-27T18:22:28.4807421Z</receivedTime>
  <startTime>2025-11-27T18:22:31.3067803Z</startTime>
  <endTime>2025-11-27T18:22:43.7807697Z</endTime>
  <complete>True</complete>
  <is_temp>False</is_temp>
  <is_readonly>True</is_readonly>
  <buildSummary />
</deployment>