﻿<?xml version="1.0" encoding="utf-8"?>
<deployment>
  <id>058ce413-fdc2-42d5-ae97-898e7b18fddb</id>
  <author>N/A</author>
  <deployer>OneDeploy</deployer>
  <authorEmail>N/A</authorEmail>
  <message>OneDeploy</message>
  <progress></progress>
  <status>Success</status>
  <statusText></statusText>
  <lastSuccessEndTime>2025-11-23T16:50:25.7797867Z</lastSuccessEndTime>
  <receivedTime>2025-11-23T16:50:14.0009503Z</receivedTime>
  <startTime>2025-11-23T16:50:15.8220125Z</startTime>
  <endTime>2025-11-23T16:50:25.7797867Z</endTime>
  <complete>True</complete>
  <is_temp>False</is_temp>
  <is_readonly>True</is_readonly>
  <buildSummary />
</deployment>